Timestamp,Subject ID,Snellen chart ,Ishihara's tests,Order,Wiek,Wykszta?cenie,"Jak najcz??ciej ogl?da Pani/Pan tre?ci wideo (programy, filmy, teledyski itd.)",Czy posiada Pani/Pan telewizor w domu w którym Pani/Pan mieszka?,P?e?,"Jak czesto oglada Pan/Pani filmy, programy itd.",Timestamp,Subject ID,Co podoba?o si? Pani/Panu w tej sesji,Co NIE podoba?o si? Pani/Panu w tej sesji,Co podoba?o si? Pani/Panu w tej sesji,Co NIE podoba?o si? Pani/Panu w tej sesji,Co podoba?o si? Pani/Panu w tej sesji,Co NIE podoba?o si? Pani/Panu w tej sesji,Co podoba?o si? Pani/Panu w tej sesji,Co NIE podoba?o si? Pani/Panu w tej sesji,Co podoba?o si? Pani/Panu w tej sesji,Co NIE podoba?o si? Pani/Panu w tej sesji,Co podoba?o si? Pani/Panu w tej sesji,Co NIE podoba?o si? Pani/Panu w tej sesji,Czy instrukacja i sesja treningowa wyja?nia jak b?dzie przeprowadzany eksperyment? Czy brakowa?o Pani/Panu jakiej? informacji? Je?eli tak to jaka to informacja? ,W jaki sposób podejmowa?a Pani/Pan decyzj? o jako?ci sekwencji?  ,Cz??? filmów powtarza?o si? wielokrotnie. Jak to wp?ywa?o na sposób oceny jako?ci przez Pani?/Pana?,Niektóre filmy pojawia?y si? tylko raz. Jak to wp?ywa?o na sposób oceny jako?ci przez Pani?/Pana?,Je?eli Pani/Pan zobaczy? now? tre??/film jak zainteresowanie samym filmem wp?ywa?o na sposób oceny lub sam? ocen? jako??i?,Czy eksperyment by?:,Kiedy ?atwo by?o si? Pani/Panu skupi? na zadaniu?,Kiedy trudno by?o si? Pani/Panu skupi? na zadaniu?,"Czy stara?a si? Pani/Pan poda? t? sam? ocen? tylko dlatego, ?e film by?a podobna do poprzednio ocenionego? ",Czy uczestniczy?a Pani/Pan w eksperymencie subiektywnym? ,Na czym polega? ten eksperyment/eksperymenty? ,Prosz? porówna? dzisiejszy i poprzednie eksperymenty. Jakie cechy bardziej podoba?y si? w ka?dym z eksperymentów. 
2/2/2016 10:10:54,1/0/1900 0:00:00,"L,Y,Z,L,P,D","12,8,5,29,74,7,45,2,-,","0	1_SRC	2_RSRC	3_CD	4_RSRC	5_CD	6_CD",2/14/1900 0:00:00,Wy?sze,"Na telewizorze, czasami na laptopie.",Tak,K,1/1/1900 0:00:00,2/2/2016 10:10:14,0,Wiewiórka w próbnej sesji. Nic szczególnego.,Nie wyrobi?am sobie jeszcze zdania. Jedne filmy bardziej w pami?ci a inne mniej. Ci??ko oceni? to ze ?niegiem.,Ciekawsze bo nie ca?y czas to samo. Powtarza si? historia ale ró?ne filmiki. Nie usn?. ,Brak,"Ciekawa, coraz ciekawsza, nie ma historii ale nie ma znudzenia. By?a wiewiórka. Przyjemnie si? ogl?da. Wcze?niej by?y nudne i denerwuj?ce.",Nic.,O teraz si? b?d? powtarza?. ,"My?li uciek?y, mo?e dlatego, ?e to co wcze?niej. ",Przyjemniej si? ogl?da. Przyrod? ogl?da si? przyjemnie. Wzrok mi si? nie m?czy jak patrz? na zielone.,Brak.,Lepsze ni? nasza telewizja. ,Nic.,Ok,Ostro?? obrazu. To najbardziej. Kontrast dobry.,"Nie wp?ywa?y. Nie powtarza?y si? przez 6 sesji. Ale ciekawiej jest jak s? inne. (Sugestia: czy ?atwiej oceni?, troszk? ?atwiej oceni? bo ma cz?owiek porównanie na szczególe. Przy nast?pnych nie by?o problemu z ocenianiem).",Nie.,Jak co? mi si? podoba?o to pewnie wp?ywa. Wiewiórka nawet mniej ostra lepsza ni? gracze ragby. Czasem si? rozmarzy?am i odp?ywa si? my?lami i wtedy automatycznie szybciej ocenia si? tre??.,4,Jak nie za bardzo interesuj?ce to ?atwiej skupi? si? na jako?ci.,Jak za ?adne to skupia si? cz?owiek na tre?ci nie na jako?ci. Nocne i ze ?niegiem ci??ko oceni?. Dopiero po zobaczeniu bardzo ostrego da si? oceni? inne.,"Jako? tak, ale chyba nie bardzo. Np. ze ?niegiem wydawa?o si? ok, ale potem widz?c taki bardzo dobry to stwierdza, ?e tamte by?y za wysoko. ",Tak,Nie pami?ta Pani kiedy to by?o i dok?adnie o co chodzi. Ocenianie filmików. ,Tamte by?y nudne i by?a Pani zm?czona tu mog?a by jeszcze ogl?da?.
2/2/2016 11:56:40,1/1/1900 0:00:00,"L,Y,Z,L,P,D","12,8,5,29,74,7,45,2,-,","1	1_SRC	3_CD	2_RSRC	4_RSRC	6_CD	5_CD",2/9/1900 0:00:00,Wy?sze,"Bardzo cz?sto na laptopie, Czasem z laptopa na telewizor, na laptopie wole mniejsze okienko lepsze ni? na ca?y ekran z pikselami. Ostatnio Pani zauwa?y?a, ?e reklamy s? w gorszej jako?ci i bardzo to Pani przeszkadza. Telewizja online. Zdarza si? youtube (zasugerowane)",Mam Pani telewizor.,K,1/2/1900 0:00:00,2/2/2016 11:45:17,1,"Czasami nawet dobry, jak co? przeostrzone to niedobrze. ","Za du?o czerwonego koloru, bardzo widoczne piksele, zw?aszcza przy ?niegu, ",Super film z wiewiórk?. Milszy do ogl?dania. W pierwszej sesji chyba mniej filmów z ró?n? jako?ci?. mniej ?redniaków w tej sesji.,Nie ma ró?nicy.,Filmy z podwody bardzo si? podoba?y. ,,Jak obraz jest jednostajnie nieostry ok. Mo?na si? do tego przyzwyczai?.,"Jak wada si? pojawia i znika to gorzej, du?o bardziej uci??liwe.",Da si? zrobi? dobry obraz. Skala si? wyostrza w miar? ogl?dania. ,Brak.,"Niektóre mo?na ogl?da?, niektóre ca?kiem przyjemnie.",,ok,"Ostro??, p?ynno?? obrazu, balans kolorów zbli?ony do naturalnego, im bardziej naturalny to lepiej. Niektóre filmy wygl?da?y lepiej ni? na ?ywo. Ka?da sesja to coraz bardziej czekanie na filmy bardzo dobre i skala robi si? ostrzejsza!!!! Dla pierwszej sesji oceny najbardziej pob?a?liwe. ","Tak, zdarza si? oceni? film bardzo dobry, i pojawia si? lepsza wersja ale ju? nie ma skali. Jak ju? wiadomo, ?e mo?e by? lepsza jako?? to inaczej. Powtarzanie si? filmów to w pierwszej chwili efekt wow a potem mo?na zobaczy? braki.",Nie ma wp?ywu. Nie ca?kiem jasne pytanie.,"Mo?e mie? wp?yw, przy powtarzaj?cych si? sesjach i obrazie to znika. Filmik z helikopterem i zachodem s?o?ca to najpierw ?adny a potem no jest i oceniamy.",5,W ?rodku eksperymentu.,Ostatnia sesja. Pierwsza te?.,Tak,Nie,,
2/2/2016 14:05:57,1/2/1900 0:00:00,"L,Y,Z,L,P,D","12,3,2,20,21,-,-,2","2	2_RSRC	1_SRC	3_CD	5_CD	4_RSRC	6_CD",2/3/1900 0:00:00,?rednie,"Na komputerze, onet, ?ci?gane pliki, czasami na telewizorze.",Tak,M,1/2/1900 12:00:00,2/2/2016 14:05:26,2,Nie. Jest ró?na jako??.,Nie.,Brak,Brak,Brak.,Brak. ,Brak,Brak,Brak,Brak,Brak,Brak,ok,"Rozdzielczo?? obrazu i nasycenie kolorów, wyrazisto?? pierwszego i drugiego planu.",Pomaga?o przy ocenie mo?na by?o porówna? i mi?dzy z?? i ?redni? dobrze to porówna?. ,Utrudnia ocen?. By?o kilka obrazów które si? czasem tylko pojawia?y.,"W ogóle nie wp?ywa. Patrz? na nasycenie kolorów, dynamik? ruchu pierwszy drugi plan, tre?? pomijam.",4,"Na pocz?tku, im d?u?ej si? patrzy mniej si? widzi.",Trudno na ko?cu. Jak by siedzie? 6h to by?o by ca?kiem inaczej.,,Tak,"Malarz budowlany, czyli chodzi?o o ocen? pow?oki malarskiej, i by? to test skupiony na jako?ci farby i cenie farby. ",Nie da si? porówna?.
2/2/2016 15:40:53,1/3/1900 0:00:00,"L,Y,Z,L,P,D","12,8,5,29,74,7,45,2,-","3	2_RSRC	3_CD	1_SRC	5_CD	6_CD	4_RSRC",2/3/1900 0:00:00,Wy?sze,"Na telewizorze, laptop youtube, ?ci?gane",Tak,K,1/2/1900 0:00:00,2/2/2016 15:38:36,3,brak,brak,brak,brak,brak,brak,brak,brak,brak,brak,brak,brak,tak,Ogólne wra?enie w odbiorze.,Wida? ró?nic? pomi?dzy poszczególnymi filmikami.,Mog?o mie? jaki? wp?yw. Nie wiadomo na 100%,Nowy filmik bardziej by?am pewna oceny. Te?? raczej nie.,3,Dla wyra?niejszych filmów. Ale Pani jest niezdecydowana.,Jak jako?? by?a du?o gorsza.,,Nie,,
2/3/2016 10:18:17,1/4/1900 0:00:00,"L,Y,Z,L,P,O","12,8,5,29,71,7,15,2,-","4	3_CD	1_SRC	2_RSRC	6_CD	4_RSRC	5_CD",1/31/1900 0:00:00,?rednie,"Na komputerze, filmy ?ci?gane, na youtube wole wybra? lepsz? jako?? jak tylko internet dzia?a dobrze. Przedewszystkim ostro?? ma znaczenie. ",Nie,K,1/1/1900 12:00:00,2/3/2016 10:10:24,4,brak,brak,Naj?atwiej oceni? jako?? filmów ze ?niegiem. Kolor nie decyduje bo go nie ma. Jak ?nieg to jako?? jasna - s?aba lub ?rednia.,Pocz?tek irytuj?cy ze wzgl?du na powtarzaj?ce si? filmiki. Im d?u?ej ogl?dam te filmiki coraz wi?cej mia?am w?tpliwo?ci czy zaznaczenia s? poprawne. Intensywno?? kolorów by?o inne i dlatego wp?ywa?o to na zmian? postrzegania jako?ci. Szczególnie filmik z zabawkami. Jako?? ta sama ale inne kolory co daje inn? jako??.,"Najbardziej podoba? mi si? p?etwonurek. Wrak z p?etwonurkiem bardzo mi si? podoba? cho? zaznaczy?am, ?e jest dobra bo kolor wydawa? si? nie mi?y i zmienia? postrzeganie. Coraz cz??ciej mam odruch porównywania. Je?eli dla pierwszej cz??ci ocenia?am jako?? czyst? to teraz porównuje z poprzednimi. ",brak,"Cz??ciej zaznacza?am odpowied?, ?e jest z?a jako??. To wynika troch? ze zm?czenia. Teraz to co wcze?niej by?o ?rednie teraz jest z?e.",brak,Brak. Zdecydowanie statyczne obrazki przyjemniejsze do ogl?dania. By?o wi?cej krótkich uj?? i to m?cz?ce.,"Do?? m?cz?ce. Szczególnie powtarzaj?cy si? filmik z muzykami. Zacz??o m?czy? dynamika tych scen nie ostro??. Jak filmowani z daleka to ok, ale zbli?enia to ci??ko. ","Do?? nu??ce. Bo ca?y czas te same filmiki si? powtarzaj?. Zdarza si? w paru przyk?adach, ?e sekwencja mi si? podoba bo jest ma?o dynamiczny, ale to tylko pierwszy impuls. Wiewiórka najpierw jako?? by?a dobra a teraz s?aba ""biedna wiewiórka tak ?le wygl?da""",,tak,"Pierwsze tylko jako??, ostro?? obrazu, nie przejaskrawione kolory, w niektórych sekwencjach ?wiat?o by?o dziwne. A potem by? pierwszy odruch coraz cz??ciej (dla koncertu szczególnie) pierwszy impuls to nie ocenia? jako?? tylko sam? dynamik? scen. Stara?a si? Pani ocenia? jako??.","nie specjalnie. Przez chwil? tylko dwa SRC si? powtarza?y. Po pewnym czasie zaczyna Pani analizowa? czy jako?? jest inna. Wygl?da na to, ?e Pani ocenia SRC = jako??. Pó?niej widz?c powtórzenia zaczyna Pani ocenia? nie per SRC. Te zabawki m?cz?ce. M?cz?ce potarzanie si? sekwencji w kontek?cie CD(sic!)","Nie zarejestrowa?a Pani, ?e niektóre powtarza?y si? tylko sporadycznie. Wiewiórka najrzadziej. ",Raczej nie wp?ywa?o.,3,Na pocz?tku (Pani zaczyna od CD) oraz w tej pó?niejszej cz??ci gdzie sekwencje by?y statyczne. ,"Pod koniec, zw?aszcza dla dynamicznych sekwencji.",,Nie,,
2/3/2016 12:11:18,1/5/1900 0:00:00,"L,Y,Z,L,P,O","12,8,5,29,74,7,45,2,-","5	3_CD	2_RSRC	1_SRC	6_CD	5_CD	4_RSRC",2/17/1900 0:00:00,Wy?sze,Na telewizorze 37 cali p?aski ledowy. Czasem w wakacje na laptopie.,Tak,M,1/2/1900 0:00:00,2/3/2016 12:01:35,5,"brak, filmy ogólnie lepszej jako?ci ni? poprzednio. Niektóre filmy z poprzednich bada?.",,Brak,,brak,,brak,,brak,,Czasem ci??ko oceni? techniczn? jako?? bo to co na obrazku sk?ania do pozytywniejszych bod?ców zw?aszcza w porównaniu z g??bi? oceanu czy padaj?cym ?niegiem. ,,tak,"Ostro?? obrazu, czy jest rozmyty czy elementy wyodr?bniaj? si?. Na niektórych by?y ma?e rozmycia dla innych mamy ewidentne piksele, program sobie nie radzi? z przesy?aniem.",Nie bo skupiam si? na jednym filmie bez tre?ci. ,Nie. Cz?sto?? nie ma znaczenia. Je?eli s? filmy blisko siebie to ?atwiej zauwa?y? ró?nice. Tancerki s? ostre nawet w ruchu a na innym nie ma takiego efektu. Korzystamy z tego co pami?tamy.,"Jaskrawo?? tre?ci, wyrazisto?? mo?e dawa? lepsz? ocen? od szarych scen np. nurek z motocyklem.",5,"Ca?y czas utrzymana koncentracja. Dobrze, ?e sesje s? krótkie. ",Nie.,,Tak,Te? ocena jako?ci. Raz 3D raz 2D.,Atrakcyjno?? jednakowa. Te 3D by?o wi?cej filmów o bardzo niskiej jako?ci. Tutaj generalnie jako?? znacznie lepsza. Nie by?o filmów ewidentnie z?ych. 
2/3/2016 13:59:09,1/6/1900 0:00:00,"L,Y,Z,L,P,O","12,8,5,29,21,7,45,2,-","6	1_SRC	2_RSRC	3_CD	4_RSRC	6_CD	5_CD",1/18/1900 0:00:00,Studiuj?,"Na komputerze, w telewizji coraz cz??ciej bo mam ten kabel. Na telefonie strasznie si? zacina, wi?c rzadko. ",Tak,K,1/3/1900 12:00:00,2/3/2016 13:47:54,6,"Ci?gle leci to samo, to jest denerwuj?ce. Najpierw zobaczy?o si? z?? jako??, potem jeszcze gorsz? i nie da si? da? opinii jeszcze gorsza. Niektóre elementy ostre a inne nie ostre i nie wiadomo jak? da? ocen?. ",,"Na pocz?tku by? pierwszy filmik mia? i dobr? i z?? jako?? -> dosta? ocen? z?a bo nie mo?e tak by? w filmie ... 
W którym? filmiku by?o na ?rodku ok a na boku gorzej.",,By?y filmiki o ró?nej jako?ci. Wyszed? cz?owiek i piksele i z?a. Ci??ko zdecydowa? czy ?rednia czy dobra.,,By?a dobra i nagle ?rednia. By?o uj?cie w ruchu i trudno by?o oceni?. S? filmiki strasznie z?y i troch? z?y i ale nie tyle ?eby by? s?aby.,,"No to uwagi no to, poci?g wyra?ny a ludzie nie i nie wiadomo jak oceni?. Ca?y czas opowie?? o ró?nych ocenach.",,Ca?y czas problemy ze zmian? jako?ci.,,tak,Jak si? zmienia?a z gorszej na lepsz? to dobra lub ?rednia. Jak na odwrotnie to s?abiej. Jak s? piksele i nie da?o si? ogl?da? to z?a. ?rednia to zwyk?a jako??. ,Zastanawia?am si? czy leci ten sam i daj? ocen? gorsz? lub lepsz?. Raczej nie wp?ywa?o. Mo?e dopiero zauwa?y?am po czasie.,"hmm lepiej by?o oceni?. Nie dopatrywa?o si? jaki?, nagle co? gorzej wygl?da. Jak ci?gle inne to nie mog?am zauwa?y?.","W ogóle nie wp?ywa?o bo patrzy?am tylko na jako??. Nie by?o g?osu, wi?c nie by?o co s?ucha?.",3,Ca?y czas stara?am si? skupi?. ,Ew. pod koniec bo ci?gle miga?o. ,,Nie,,
2/3/2016 15:56:41,1/7/1900 0:00:00,"L,Y,Z,L,P,D","12,8,5,29,74,7,45,2,-","7	1_SRC	3_CD	2_RSRC	5_CD	4_RSRC	6_CD",1/18/1900 0:00:00,Studiuj?,Na laptopie najcz??ciej. Czasami w telewizji czy w kinie. Super rzadko na telefonie.,Tak,K,1/0/1900 12:00:00,2/3/2016 15:55:53,7,Takie same filmiki w podobnych jako?ciach. Bardzo podobne.,,Bardzo wyra?ne kolory w filmikach to dobrze. ,,Wi?kszo?? filmików ocenia?am pozytywnie. ,,brak,,brak,,brak,,tak,Rozpikselowane czy obraz wyra?ny. Jako?? kolorów.,"Najbardziej wida? ró?nice w jako?ci. Ocena zainteresowania eksperymentem jest 3 g?ównie dlatego, ?e filmiki si? powtarza?y.",Nie wydaje mi si?.,Stara?am si? nie kierowa? zgodnie z instrukcj?.,3,Jak by? dobry jako?ciowo i dobre kolory.,Jak strasznie spikselowany. ,,Nie,,
2/4/2016 11:53:04,1/8/1900 0:00:00,"U,Y,F(5.0),L,P,D(3.3)","12,8,5,29,74,7,45,2,-","8	2_RSRC	1_SRC	3_CD	5_CD	6_CD	4_RSRC",1/27/1900 0:00:00,Wy?sze,"Na komputerze (co wydaje si? Pani oczywiste). Bardzo rzadko na telewizorze. Na komórce rzadziej. Raczej filmy online, youtube, vod, ",nie,K,1/1/1900 12:00:00,2/4/2016 11:47:13,8,Ci??ko oceni? te filmy,,Po tej sesji ?atwiej.,,Brak.,,"Po ka?dym takie same, wi?c po ca?o?ci b?d?. Na pewno coraz ?atwiej bo wie si? ju? jak wygl?daj? te obrazki w innej jako?ci (po sesji drugiej sesji CD).",,Brak.,,"Dla niektórych filmów wystarczy skala trzystopniowa (dobra, ?rednia, z?a) Ma?a ró?nica w jako?ci. Niektóre filmiki ?atwiej oceni?, bardziej statyczne obrazy. Najwi?ksza trudno?? to filmiki gdzie du?o si? dzia?o. Du?o ruchu du?o ludzi. ",,tak,"Wyra?no?? obrazu, regularno?? kszta?tów, p?ynny obraz, p?ynne przej?cie akcji.",Pani nie ca?kiem zdecydowana. Chyba jednak utrudnia?o bo wpada?o si? w monotoni? oceny. ,"To nie wp?ywa na ocen?, jak si? ju? ma wzór swojej oceny.","Czasem trudno oddzieli? tre?? od jako?ci. Wydaje si?, ?e niektóre tre?ci s? lepiej oceniane. Przyroda barwne kolory -> od razu lepsza ocena. Mog?a by? wy?ej ocenione jak co? nowego. ",4,Na pocz?tku ka?dej sesji.,Pod koniec sesji. I pod koniec eksperymentu.,,Nie,,
2/4/2016 14:11:13,1/9/1900 0:00:00,"Prawe (16,5), lewe (L,Y,Z)","12,8,5,29,71,7,45,2,-","9	2_RSRC	3_CD	1_SRC	6_CD	4_RSRC	5_CD",1/20/1900 0:00:00,Studiuj?,"Na laptopie, bardzo rzadko na telefonie",nie,K,1/0/1900 0:14:24,2/4/2016 13:39:03,9,Podoba mi si?. ,,Brak,,brak,,brak,,brak,,bark,,tak,Bra?am pod uwag? g?ównie piksele. ,Przyk?ada?am wi?ksz? wag? do jako?ci w porównaniu z przypadkiem gdzie by?o wi?cej filmów.,Mniejsza waga do jako?ci bo mi?? raz i zapomnia?am o nim.,Mniejsza uwaga na jako?? a bardziej na tre??.,4,Jak film by? dobrej jako?ci.,Kiedy rotacja by?a niewielka. 4 filmy w kó?ko - to si? staje nudne.,,Nie,,
2/4/2016 15:24:35,1/10/1900 0:00:00,"L,V,Z,L,P,O","12,8,5,29,71,7,45,2,-","10	3_CD	1_SRC	2_RSRC	6_CD	5_CD	4_RSRC",1/20/1900 0:00:00,Studiuj?,"Na laptopie lub na telewizorze jak w domu, rzadko na telefonie",nie,M,1/3/1900 12:00:00,2/4/2016 15:23:57,10,Wi?kszo?? jest s?abej jako?ci. Nie obejrza? bym tych filmów. ?nieg by? myl?cy bo nie wiadomo czy to mia?o tak by? czy jest to s?aba jako??. ,,"Te same, ci?gle inna jako??, tylko raz to ze ?niegiem by?o dobrej jako?ci. Reszta s?aba.",,Wi?cej filmików bardzo dobrej jako?ci. Na cz??ci psu?o si? jak kamera lub obiekt by?y w ruchu.,,Pó? filmów bardzo dobrej jako?ci a pó? s?abej.,,Wyd?u?y?y si? przerwy pomi?dzy ocen? a ogl?daniem filmu.,,Te filmiki gwa?towniej si? urywa?y ni? poprzednie. Wcze?niejsze ko?czy?y si? spokojniej ????,,tak,Czy da?o si? zauwa?y? wszystkie szczegó?y,"Troch? nudno ogl?da? te same filmy, ale mo?na by?o zobaczy? ró?nice jako?ci na tym samym filmie.",Nie wp?ywa.,Raczej jest nie wa?na. Po zastanowieniu.,4,Na pocz?tku sesji.,Pod koniec sesji.,,Nie,,
2/5/2016 10:03:20,1/11/1900 0:00:00,"L,Y,Z,L,P,O","12,8,5,20,74,7,45,2,-","11	3_CD	2_RSRC	1_SRC	4_RSRC	5_CD	6_CD",1/28/1900 0:00:00,Wy?sze,"Na laptopie, telewizor bardzo bardzo rzadko, komórka w ogóle. Youtube. Kana?y tematyczne.",nie,M,1/0/1900 7:55:12,2/5/2016 9:49:20,11,By?y bardzo fajne widoki przedstawione. ,,Podoba?a si? ró?norodno?? przedstawienia ludzkich pasji z gatunku nietypowych.,,Aura która nam nie odpowiada daje wi?ksze szanse na gorsz? ocen? ni? inna sceneria.,"Druga sesja pozwala naj?atwiej ocenia? (RSRC). Przej?y?cie by?o wszystko przedstawiane, kolory. Raczej nie zauwa?y? Pan, ?e filmy by?y podobne.","Woda i przyroda wywo?uje pozytywne emocje i zawy?a ocen?. 
Przy zbli?eniu twarzy naj?atwiej oceni? zniekszta?cenie.",,Taka sama jak poprzednio. ?adny krajobraz winduje ocen?.,,"Przybli?enie obiektu, z pozycji jad?cego poci?gu daje tendencje do ni?szej oceny.","Ta sesja ze zbli?eniami na twarze, koncert i arty?ci ala cyga?scy oraz box by?o ?atwiej.",tak,Przejrzysto?? obrazu oraz brak takich kwadracików. Kolory te? istotne. Pewne kolory za?miewa?y obraz nawet jak jako?? by?a gorsza.,Trudniej oceni? bo pojawia?a si? my?l jak to oceni?em wcze?niej.,"Nie ma tendencji do przypominania sobie, wi?c chyba lepiej. Cho? mo?e powtarzanie jest bardziej wiarygodne.",Na pocz?tku znacznie a potem stara? si? Pan to niwelowa? (np. niebieski kolor). Potem bardziej zobiektywizowane.,5,W taj serii gdzie zbli?enia na twarze. Tam gdzie najprzejrzy?ciej. ,"Gdy by? filmik by? trudny do oceny. Zw?aszcza z ulew? ?nie?n?, nie wiadomo czy ?nieg to przy?miewa wszystko czy to wady systemu.",,Nie,,
2/5/2016 12:00:11,1/12/1900 0:00:00,"L,Y,Z,L,P,D","12,8,5,29,74,7,45,2,-","12	1_SRC	2_RSRC	3_CD	5_CD	4_RSRC	6_CD",1/27/1900 0:00:00,Wy?sze,Studentka filmoznastwa. Nigdy na telefonie. Na dobrej jako?ci tablecie. Zasadniczo w kinie lub z projektora. Nie na telewizorze. Praktycznie tylko filmy.,nie,K,1/3/1900 0:00:00,2/5/2016 11:56:48,12,"Utrudnia ocen? je?eli du?o filmików pod rz?d jest w podobnej jako?ci bo cz?owiek zaczyna si? doszukiwa? problemów.
Dylemat mi?dzy jako?ci? z?? a s?ab?. Bo na youtubie ogl?da si? s?ab? jako?? bo tre?? si? liczy. Jak si? pozna te pierwsze przyk?ady to dopiero buduje si? skal?.
Uwaga z gwiazdk? - napis ""end less"" w rogu filmu z ulic? jest zabawny jak ogl?da si? to ci?gle i ci?gle -> ""end less"" ;)",,Teraz ju? nie ma uwag.,,Brak,"Naj?atwiej gdzie si? powtarza?y. Ale tam gdzie s? ró?ne te? ?atwe. W ?rodkowej RSRC tam by?o najtrudniej, pojawia? si? dylemat.","Tak sobie pomy?la?am, ?e najtrudniej jest jak ca?e uj?cie jest wysokiej jako?ci i tylko momenty gdzie przy przej?ciu s? b??dy. Trudno oceni? zmienn? jako??.",,brak.,,brak,,tak,"Przede wszystkim ogólny stan obrazu, na ile jest wszystko czytelne i dok?adne. Pó?niej bardziej si? wyczuwa?am na elementy w ruchu. Przej?cia montarzowe gdzie co? si? dzia?o. Rzadko zaznacza?am bardzo dobre. Chyba to zale?a?o od uj?cia, nie koniecznie tylko dobrej jako?ci. To by?o troch? subiektywne. Miejskie szare uj?cia to raczej nie mia?y szans na bardzo dobre (raczej skala od dobre do z?e). Te po?rodku to by?y ogólnie ok tylko z?e mankamenty, ale uj?cie ok.","Hmm. Wydaje si?, ?e by?o ?atwiej.",Trudniej bo trzeba pozna? uj?cie ?eby oceni? jako??. Tamte ?atwo porównywa?.,"Wydaje si?, ?e jest wp?yw tre?ci na ocen?. Wp?ywa tre??.",2,Na pocz?tku ?atwiej. Potem zm?czenie daje zna?.,Na ko?cu. Ostatnia sesja to s?abo.,,Nie,,
2/5/2016 14:00:33,1/13/1900 0:00:00,"L,Y,Z,L,P,D","12,8,5,29,74,7,45,2,-","13	1_SRC	3_CD	2_RSRC	5_CD	6_CD	4_RSRC",1/28/1900 0:00:00,Studiuj?,"Na laptopie, Nie ogl?dam za du?o, czasami na telefonie. Informacyjne, wiadmomo?ci co si? dzieje na ?wiecie. Zawsze jak jem to co? ogl?dam.
",nie,M,1/1/1900 12:00:00,2/5/2016 13:59:25,13,"Pod koniec by?o naprawd? z?ej jako?ci, wi?c z?e z pocz?tku sesji by?oby s?abe gdyby pojawi?o si? na ko?cu.",,Nie powtarza?y si? ?adne filmiki. Ci??ej okre?li? co jest lepszej i gorszej jako?ci - brak porównania.,,"Kilka filmów by?o cz??ci? innego filmu ...
Naj?atwiej oceni? jako?? jak si? powtarza?y. Najtrudniej jak wszystkie inne. ",,?atwiej by?o oceni? te które ju? by?y. Te nowe ci??ej si? odnie??.,,"Du?y wp?yw ma jednak jaka tre??. Jak postacie mówi? to mo?e by? mniejsza jako?? czyli gorsza b?dzie oceniona wy?ej. Dla pejza?y powinna by? lepsza jako??, czyli ?rednia jest ju? s?aba.",,"Chyba du?e znaczenie ma to co by?o wida?, dla nurków czy pejza?u to istotne. ",,tak,"Pejza?e musz? mie? lepsz? jako?? ni? wywiad. Dla przyk?adu dla boksera to jako??, któr? dla pejza?u oceni? bym niska ocenia?em wysoko, bo dla boksera mo?e by?. P?ynno?? by?a taka sama ale pikseloza si? robi?a. Brak widoczno?ci pikselozy, kolory i p?ynno?? raczej w porz?dku.",?atwiej okre?li? jako?? jak ogl?dam ten sam film w kilku jako?ciach.,Trudniej oceni?.,"Pejza?e musz? mie? lepsz? jako?? ni? wywiad. Dla przyk?adu dla boksera to jako??, któr? dla pejza?u oceni? bym niska ocenia?em wysoko, bo dla boksera mo?e by?. ",4,Po przerwie i na pocz?tku. Potem robi?o si? monotonnie i ci??ej by?o si? skupi?.,Pod koniec by?o najtrudniej. Od po?owy sesji by?o monotonnie i ci??ej by?o si? skupi?.,,Nie,,
2/8/2016 9:57:00,1/14/1900 0:00:00,LYZ DPL,12 8 5 29 74 7 45 2 8 16 ? 35 96 ,"14	2_RSRC	1_SRC	3_CD	6_CD	4_RSRC	5_CD",1/23/1900 0:00:00,?rednie,najcz??ciej na komputerze,posiada,M,codziennie 1-2h,2/8/2016 9:56:16,14,generalnie te same filmy by?y wu?wietlane w ró?nych jako?ciach. Wida? by?o ?e mniejsza jako?? to obraz by? mniej szczegó?owy.,,"Generalnie to podobnie tak jak wcze?niej, szczegó?ów wi?cej jak jest lepsza jako??. Teraz zauwa?y?em, ?e kolorów trudno odró?ni? gdy jako?? gorsza, bo si? zlewaj? ze sob?.",,"nic nowego si? nie pojawi?o. Przy gorszej jako?ci klip z lasem i matka z dzieckiem i dopiero pod sam koniec zwróci?em uwag? ?e co? si? rusza, co? idzie.",,nic nowego,,nic nowego,,"zauwa?y?em, ?e jak jest lepsza jako?? to wszytko widzimy od razu, przy gorszej jako?ci musimy si? zastanowi? co w?a?ciwie widzimy.",,wszystko jasne,"tak naprawde patrzy?em sugerowa?em si? ilo?ci? pikseli, im bardziej obraz by? p?ynny - mniej tych pikeslei tym wi?szk? jako?? dawa?em",mog?em sobie porówna? dok?adnie na jednym rodzaju klipu czy jakosc jest lepsza cz gorsza,nie mia?em tego porównania,"ci??ko stwierdzi?, generalnie zwraca?em uwag? tylko na jako??, nie skupia?em si? na tre?ci filmu tak jak by?o to mówione w intsturkcji",4,"przy gorszych filmach ?atwiej by?o stwierdzi? ?e jako?? jest najgorsza, gdy jako?? filmu by?a lepsza trzeba si? by?o bardziej zastanowi? czy ta jako?? by?a dobra czy bardzo dobra",trudno gdy by?y lepszej jako?ci,"chyba nie, chyba tym si? nie sugerowa?em",Nie,,
2/8/2016 11:46:30,1/15/1900 0:00:00,LYZ DPL,"12,8,5,29,74,7,45,2,8,16,?,35,96,?","15	2_RSRC	3_CD	1_SRC	6_CD	5_CD	4_RSRC",1/22/1900 0:00:00,Studiuj?,"na laptopie, ostatnio netflixa",nie,K,"codziennie, 1,5 - 2 godzin",2/8/2016 11:46:05,15,nie wiem czy mam jakie? szczególne odczucia,,wiewiórka mi si? podoba?a,,najgorsze by?y te w z?ej jako?ci ze ?niegiem - na to si? w ogóle patrze? nie da?o,,nie mam zdania,,nieee,,nic konkretnego,,wszystko jasne,"je?li widzia?am pojedyncze pikesle to s?abo i te? nasycenie kolorów by?o istotne, je?li nie umia?a czego? rozpozna? w góle to by?y ?le","porównywa?am je ze sob?, na pewno. w tych takich gdzie zabawki by?y ustawione, w ogóle nie widzia?am co jest w ?rodku, w tych innych lepiej widzia?am to dawa?am lepsze oceny",nie wiem szczerze mówi?c,no stara?am si? ?eby jak najmniej,4,zasadniczo nie mia?am ró?ni? w poziomie skupienia przez ca?y eksepryment,nie by?o takiego momentu,nie,Nie,,
2/8/2016 13:43:58,1/16/1900 0:00:00,LYZ DPL,"12, 8, 5, 29, 74, 7, 45, 2, 16, 35, 96, ","16	3_CD	1_SRC	2_RSRC	4_RSRC	5_CD	6_CD",1/21/1900 0:00:00,Studiuj?,najcz??ciej laptop/komputer no i telewizj?,tak,M,"codziennie, oko?o 0,5h",2/8/2016 13:38:13,16,"po?owa dobrej jako?ci po?owa s?abej jako?ci, co mog? powiedzie??",,"mniejsza ilo?? filmików, pro?ciej by?o ocenia?, fajnie by?o prównywa?, pro?ciej by?o ocenia? ni? we wcze?niejszej sesji.",,"ciekawsze fimiki, pokazuj?ce wi?cej obrazów realistycznych",,"wi?kszo?? filmików by?a w dobrej jako?ci, gdy pojawia?y si? filmiki gorszej jako?ci wtedy gorzej by?o oceni?, trtudniej bo mia?o si? obraz idealnej jako?ci.",,"na pewno by?a du?a ilo?? filmików i by?o fajne porównanie, dobry kontrast, pojawia?o si? kilkana?cie ró?nych jedne mia?y fajne kolory, dzi?ki temu by?o fajne porównanie.",,"ró?ni?a si? od poprzedniej, nie by?o szybszych ruchów, mia?em wi?cej czasu na ocen? scen, by?o wi?cej powolnych ruchów",,wszystko by?o jasno powiedziane,patrz?c na rozdzielczo?? obrazu i wzoruj?c si? na tych najlepszych filmikach,na pewno ocena by?a trudniejsza ale bardziej efektywna bo mia?em szeroki kontrast,"na pewno korzystniej, bo wydawa?y si? ciekawsze",my?l? ?e nie mia?o to zbyt du?ego wp?ywu,4,najbardziej wtedy gdy by?a ró?na ilo?? filmików,"jak by?a ma?a ilo?? filmików jednej sesji, bo stawa?o si? to chwilami nudne","nie, my?l?, ?e nie",Nie,,
2/8/2016 15:36:46,1/17/1900 0:00:00,LYZ DPL,"12, 8, 5, 29, 74, 7, 45, 2, ?, 16, ?, 35, 96,?","17	3_CD	2_RSRC	1_SRC	4_RSRC	6_CD	5_CD",1/28/1900 0:00:00,Studiuj?,z komputera,nie,K,"codzienna, do pó? godziny",2/8/2016 15:36:06,17,"mam wraznie, ?e by?y fragmenty obrazu by?y zatarte a w innych bardziej wyraziste. By?am sk?onna bardziej pozytywnie ocenia? filmy gdzie by?o wi?cej ?wiat?a. Mia?am problem z rozró?nieniem bardzo z?ej jako?ci od s?abej.",,tym razem ci??ej by?o rozró?ni? obraz bardzo dobry od dobrego,,nie mam ?adnych komentarzy,,"zuwa?y?am, ?e fragmenty poszczególnych filmów maj? ró?n? rozdzielczo?? - s? ró?nej jako?ci na podstawie tego kryterium trudno mi by?o zdecydowa? jak oceni? dany filmik",,nie mam ?adnych komentarzy.,,"uswiadomi?am sobie, ?e przynajmniej raz ocenia?am na podstawie tego co ju? widzia?em wcze?niej. Zdarza?y si? filmy które ocenia?am bardziej pozytywnie ni? poprzednio. Nie jestem pewna czy do ko?ca na pewno ocenia?am jako??.",,wszystko by?o jasne,spontanicznie,"w przypadku filmu gorszej jako?ci, gdy zobaczy?am obraz lepszy, nie oceniam?am czy obraz jest dobry czy bardzo dobry, dawa?am ?e lepszy",nie mia?o ?adnego wp?ywi,"nie powinno mie? wp?ywu, ale mia?o pozytywny wp?yw na ocen?",5,"wydaje mi si?, ?e na pocz?tku, potem by?o znu?enie","ostatnie pó? godziny, taka pora dnia te?",nie,Nie,,
2/8/2016 18:18:51,1/18/1900 0:00:00,LYZ DPL,"12, 8, 5 , 29, 74, 7 ,45, 22 ,16, ?, 35, 96, ?","18	1_SRC	2_RSRC	3_CD	5_CD	6_CD	4_RSRC",2/8/1900 0:00:00,?rednie,"najcz??ciej na komputerze, potem w kinie, telewizja niezwykle rzadko - g?ownie przypadkowo",posiadam ale nie u?ywam - schowany jest. Nie potrzebuj? - od dobrych 10 lat nie ogl?dam telewizji,M,"co najmniej kilkana?cie razy dziennie, minimum godzin? - zale?y jak jestem ob?o?ony prac?. Srednio 3 godziny dziennie.",2/8/2016 18:17:34,18,"troch? by?em zdezorientowany, poniewa? ?aden z filmów nie spe?ni? moich wymaga?. potem si? okaza?o, ?e na tle tych które obejrza?em, te pierwsze mog?em oceni? wy?ej. Bardzo mi si? podoba? film ze spadaj?cym ?niegiem. nie najprzyjemniejsze by?o z zabawkami - bo i zestaw kolorów by? niefajny, sam efekt kr?cenia to nie najprzyjemniejssze by?o dla oka.",,"kilka razy mia?em wra?enie, ?e pocz?tek filmu by? gorszy ni? ko?cówka - nie wiedzia?em kiedy to ocenia?. W przypadku fimów o nurkowaniu nie by?em pewien co jest spowodowane z?? jako?ci?, a czy typ miejsca. Generalnie jak by?y wi?ksze piksele to dawa?em gorsz? jako??. Nie wiedzia?em jak ocenia? filmy kr?cone w nocy - czy to tak ma by? ?e jest mgie?ka. Filmy famenco - mia?em wra?enie, ?e s?ysz? co graj?. W przypadku koncertu rockowego - nie mia?em ?adnych wra?e?. ?rodowisko bokserów mnie niespecjalnie poci?ga, nie wzbudzi?o mi?ych emocji, ale wydaje mi si? ?e ocenia?em jako?? a nie moje podje?cie do tego co widzia?em.",,"tutaj na pewno jestem przekonany, ?e w kilku przypadkach na pocz?tku film by? w z?ej ako?ci a potem si? poprawia?a, a raz by?o odwrotnie  - by?a dobra jako?? a potem si? pogorszy?a. Sporo filmów by?o przydymionych i nie wiem jak mia?em to ocenia?. Znowu pojawi? si? efekt obracaj?cych si? elemetów i to wywo?a?o we mnie wra?enie, ?e stosuj? Pa?stwo jakie? obd?ce podprogowe. Filmy z górami wywo?a?y moj? t?sknot? do gór które uwielbiam i do lata.",,"kilka razy mia?em wra?enie, ?e cz???  jest dobrej jakosci a cz??? z?ej - obr?bie jednego kadru. Te? takie dziwne uczucie, ?e detale by?y ostre, a plany ogólne wygl?da?y na nieostre, jakby przydymione",,"kilka razy mia?em w?tpliwo?ci, bo np. w filmach ze ?niegiem, ostro?? by?a ustawiona na ma?y element z rogu ekranu - jako?? sama w sobei by?a bardzo dobrze, tylko ostro?? by?a ustawiona nie tam gdzie powinna by?",,"Na 100% jestem przekonany, ?e kilkana?cie razy widzia? filmy w tej samej jako?ci, a oceni?em go ró?nie. Np. raz da?em dobr?, a raz ?redni?.",,nie brakowa?o,"przygl?da?em si? przede wszystkim pikselom, odwzorowaniu szczegó?ów, szuka?em ostro?ci - na co jest ona skierowana. CHyba tyle","ocenia?em inaczej powtarzaj?ce si? filmy, ze wzgl?du na s?siedztwo filmów - na zasadzie t?a. Nawet maj?c ?wiadomo?? ?e oceniam film tej samej jako?ci.",próbuj? sobie przypomnie? taki który pojawi? swi? tylko raz. Nie pami?tam takich filmów.,"my?l?, ?e je?li by?em zainteresowany tre?ci? filmu to mog?em nie przyjrze? si? jako?ci i ocena nie by?a w 100% rzetelna. ",4,"wtedy kiedy widzia?em. Np. naj?atwiej by?o si? skupi? na filmie z tenisisami. Jak by?o najlepszej jako?ci to naj?twiej. Dobre, s?oneczne ?wiat?o u?atwia?o.Je?eli by?a du?a grupa ludzi jak na boisku to wtedy pierwszym zadaniem jakby które wykonywa? mój mózg to by?o ogarni?cie tej liczby ludzi, a potem jako?? ocenia?em. W przypadku po?aru mia?em negatywne emocje dotycz?ce tej sytuacji ale po dwóch sekundach uda?o mi si? przemóc to uczucie i skoncentrowa? si? na jakosci. Nie mog?em si? skupi? gdy kamera jecha?a nad torami - ruch plus nieostro?? utrudni?o mi ocen?. Ale np. z rowrzyst? by?o ?atwo mimo, ?e by? ruch. Padaj?cy ?nieg w pierwszych filmach rozkojarza? mnie, anga?owa? mnie ten widok, wi?c trudno by?o dokona? oceny jako?ci , te? wielo?? planów w tych scenach ze ?niegiem utrudnia?o ocen?.",,"nie, starta?em si? obiektywnie ocenia? ka?dy film",Tak,mia? wyszukiwa? na ekranie podobne figury i znaki - kreski ko?a,"zdecydowanie dzisiejszy by? ciekawszy, wywo?a? we mnie sporo ró?nych emocji, jakkolwiek nie jestem zwolennikiem sprotów ameryka?ckich, to du?o by?o filmów z przyrod?, oczywi?cie by?y takie które mnie kompletnie nie interesowa?y. W porównaniu do abstrakcyjnej kreski i kropki to nie ma co mówi?. Tutaj by?em d?u?ej skoncentrowany, bo tam po kilku minutach mia?em do??. Spodziewa?em si? jakiej? pu?apki - jakiego? podst?pu, ?e nie chodzi o jako?? tylko o por? roku na przyk?ad. Troch? podejrzliwie podszed?em do celu testu."
2/9/2016 10:11:16,1/19/1900 0:00:00,"L,T,Z,P.L,O","12,8,5,29,74,7,45,2,-","19	1_SRC	3_CD	2_RSRC	6_CD	4_RSRC	5_CD",2/11/1900 0:00:00,Wy?sze,"Na telewizorze, laptop lub tablet. Najwi?cej filmów instrukta?owych z youtuba. ",Tak,M,1/0/1900 18:00:00,2/9/2016 10:10:39,19,Trudno jednoznacznie oceni? te zdj?cia. Zw?aszcza ich jako??. Filmy prezentuj? ró?ne warunki. Dla przyk?adu kort tenisowy lub zabawki s? dobrze o?wietlone i te dwa filmy da si? porówna?. Ruch uliczny w warunkach ?niegu lub nocne to z?e warunki filmowania i tu ci??ko oceni? czy film da si? zrobi? w lepszej jako?ci. Ci??ko przez to oceni? jako??. Czyli ocenia Pan jako?? filmowania.,,?eby te zdj?cia obiektywnie oceni? trzeba je pogrupowa?: bliska daleka scena. Dobre ?wiat?o i s?abe ?wiat?o. Obrazy statyczne i dynamiczne. W obu tych sesjach by?a mieszanka parametrów dlatego trudno ocenia? obiektywnie. ?atwiej jak by mo?na powtórzy? film lub filmy by?y d?u?sze. Wtedy ocena bardziej obiektywna.,,"W stosunku do filmów gdzie jest scena bliska i dobre ?wiat?o jestem bardziej krytyczny. Dla dalekiej sceny i s?abego ?wiat?a jestem bardziej pob?a?liwy bo wiem, ?e trudniej jest uzyska? dobr? jako??. Nabieram do?wiadczenia i zaczynam zwraca? uwag? na rozmazania i zaci?cia oraz pikselizacja obrazu.","Sesja SRC jest ?atwiejsza do oceny bo oceniam kilkakrotnie ten sam film. Czyli mog? korygowa? swoje oceny. Dobrze, ?e to by?o na pocz?tku. Mog?em skalibrowa? mój system oceny. Te do?wiadczenia by?y wykorzystane w sesjach trudniejszych gdzie filmy si? nie powtarzaj? lub jest ci?g dalszy filmu. ?atwiej ocenia? ci?g dalszy filmu ni? absolutnie nowy temat. Bo jak jest nowy temat to w pierwszej kolejno?ci trzeba ustali? skal? oceny - czyli zdecydowa? jak trudne s? to warunki filmowania, czy korygowa? na plus - trudne warunki, daleka szybka ma?o do?wietlona scena czy korygowa? na minus - portretowych, dobrze o?wietlonych o ma?ej dynamice.","Naj?atwiej ocenia? filmy gdzie scena jest bliska i dobrze o?wietlona oraz ma?a dynamika ruchu. Najtrudniej daleka perspektywa, s?abe o?wietlenie i du?a dynamika. Mam wra?enie, ?e jako?? niektórych filmów jest selektywna, jest dobra jako?? pierwszej sceny a gorsza dalszych. Albo odwrotnie, obiekty pierwszej sceny s? ma?o ostre, ale dalsza scena jest dobra. Ma na to wp?yw ustawienie kamery i profili. Ustawienie fotografowania scen bliski i dalszych.",,"Nic nowego. Mog?o si? zdarzy?, ?e ten sam film zosta? oceniony raz wy?ej a raz ni?ej. Skrajnych ró?nic nie powinno by?. Przesuni?cie o jedno lub dwa punkty jest mo?liwy.",,"Ucz? si?, na pocz?tku filmiki wydawa?y si? za krótkie. Dobrze, ?e w pierwszej sesji by?a powtarzalno??. Nie jest to ?atwe badanie. Mia?em trudno?ci z ocen?. W drugiej sesji zwi?kszy? czas emisji filmu. Do ko?ca trudno?? z obiektami z du?? perspektyw? mi?dzy dobr? a bardzo dobr? jako?ci?. Punkty charakterystyczne kiedy s? dobra a kiedy bardzo dobre.",,tak,"Zwraca?em uwag? na kwestie techniczne. P?ynno??, ostro??, problemy takie jak pikselizacja i zacinanie. Wkrada? si? te? czynnik subiektywny pewne sceny uwa?a?em za trudne i lepiej bym ich nie sfilmowa? i te oceniane by?y wy?ej. By?a te? mniejsza cz??? scen, ?e mimo dobrej jako?ci technicznej wydawa?o mi si?, ?e uda?o by mi si? to lepiej sfilmowa? i wtedy dawa?em s?absz? ocen?. ",By?o to pomocne. Wr?cz konieczna. Przy analizie powinno si? oceni? ?redni? (???) to by? by wiarygodny wspó?czynnik. W kolejnych ods?onach korygowa?em swoje oceny. ,Trudniejsze przypadki. Powinny si? pokazywa? w sesjach ostatnich. ,"Wy??cza?em kwestie subiektywne, ?wiczy?em sporty walki a nie taniec ale nie bra?em tego pod uwag?. Te? nie ocenia?em s?abiej ta?ca bo si? nim nie interesuj?. ",5,Warunki do skupienia dobre tylko za krótkie filmy.,brak,,Nie,,
2/9/2016 13:57:41,1/20/1900 0:00:00,"lewe: Y,Z,N (10), L,Y,Z (3.3)","12,8,5,29,74,7,45,2,-","20	2_RSRC	1_SRC	3_CD	6_CD	5_CD	4_RSRC",1/24/1900 0:00:00,Studiuj?,Na PC lub laptopie. Telewizor bardzo rzadko a telefon w ogóle ,nie,M,1/0/1900 12:00:00,2/9/2016 13:57:12,20,"Pocz?tek dobrej jako?ci a potem sekunda dwie z?ej jako?ci i potem znowu dobra jako??. Pan stwierdza fakt, ?e tak jest. Tu si? waha w ocenie.",,brak,,brak,"Jak widzia?em pikseloze to by?a tragedia, jak nie wida? by?o pikselozy a obraz nie by? ostry to inaczej. Jak by? obraz to patrzy?em si? nie tylko na ?rodek, ale tak?e na rogach. ",brak,,brak,,brak,,tak,"Przedewszystkim pikseloza - z?a lub s?aba jak widoczna, jak brak pikselozy to ?rednia a brak pikselozy + ostry obraz w ka?dej cz??ci (nie tylko w centrum) to bardzo dobra.",Po d?u?szym czasie usypia. ,Bardzo dobrze. Jak rzadko tym lepiej. Mniej usypia.,"Nie, skupia? si? Pan na jako?ci.",3,Na pocz?tku.,Po pierwszej sesji ju? odczuwa? lekkie usypianie. By?o ci??ej. ,,Nie,,
2/9/2016 15:44:57,1/21/1900 0:00:00,"L,Y,Z,D,P,L","12,8,5,29,71,7,45,2,-","21	2_RSRC	3_CD	1_SRC	4_RSRC	5_CD	6_CD",1/21/1900 0:00:00,Studiuj?,"Na laptopie, brak telewizora, czasem w kinie, rzadko na telefonie
Zawsze jak co? robi? to w??czam sobie seriale. Z portalu z serialami. kinoman lub cda ",nie,K,1/5/1900 12:00:00,2/9/2016 15:42:40,21,brak,,brak,,brak,Pierwsza najgorsza. Bo jako?? by?a s?aba w wi?kszo?ci. Naj?atwiej ocenia si? SRC. ,T? si? najgorzej ogl?da?o. Bo wi?kszo?? filmików mia?a s?ab? jako??.,,brak,,ogólnie no to jak by?y kiepskiej jako?ci to najcz??ciej nie ostre lub nasycenie kolorów. Du?o za ?ó?tych. Brakowa?o ?ywych kolorów.,,tak,"Kierowa?am si? czy obraz jest ostry, nasyceniem kolorów czy s? ?ywe, czy s? realne. ",Stara?am si? oceni? tak jak my?la?am,Nie wp?ywa?o,"Nie, skupia?am si? na jako?ci. ",4,Jak obraz by? dobrej jako?ci.,"Dla obrazów po?rednich. (Brak zrozumienia pytania ???) Gdy by? ?nieg, gdy by? tak nie ostry, ?e si? wszystko zamazywa?o.",,Nie,,
2/10/2016 9:49:24,1/22/1900 0:00:00,"L,Y,Z,I,P,D","12,8,5,29,74,7,45,2,-","22	3_CD	1_SRC	2_RSRC	4_RSRC	6_CD	5_CD",2/1/1900 0:00:00,?rednie,Laptop. Zdarza si? telewizor jak d?u?sze filmy i cz?sto te? na telefonie.,Tak,M,1/0/1900 10:48:00,2/10/2016 9:45:32,22,By?y takie momenty gdzie pocz?tek s?abszy i potem si? poprawia?. Tu ocena trudniejsza. Cz??? obrazu ok a pewne fragmenty s?absze. Tu te? trudniej ocenia?.,,"Nie by?o takich rozbie?no?ci jak w tych poprzednich. Cz?sto zbli?ona jako??, bardzo ma?o si? ró?ni?y filmy.",,Pocz?tek jest gorszy a potem si? poprawia to ?atwiej da? gorsz? ocen?. dla odwrotnej kolejno?ci raczej gorsza jako??. Efekt kafelkowania jest bardziej uci??liwy ni? rozmycie. Ci??ej oceni? filmiki gdzie jest du?o ruchu.,"Hmm. Tam gdzie by?y filmiki, które si? powtarza?y by?a wi?ksza trudno?? w ocenie (???) bo czasami mia?em wra?enie, ?e da?em inn? ocen? i po kolejnym obejrzeniu mia?em wra?enie, ?e chcia?em inn? ocen?. W ostatnim nie by?o problemu z takim porównywaniem.",brak,,brak,,"brak. Wra?enie, ?e jak jest ciemniejszy obraz to ?atwiej wybaczy? utrat? jako?ci. Dla jasnego trudniej.",,tak,"Wra?enie, nie analizowa?em tego. Na zasadzie pierwszego wra?enia. Dopytany o rozmycie potwierdza, ?e rozmycie mniej wp?ywa ni? efekt kafelków.",Mo?e troch? flus truj?ce.,"Jak mia?em wra?enie, ?e filmy si? powtarzaj? to ocenia?em ni?ej. Czyli dla nowych ocena mog?a by? wy?sza. ",Ocena by?a wy?sza jak film by? po raz pierwszy wy?wietlany. Pozytywny wp?yw. (nie to pytanie :() ,3,Na pocz?tku.,Ten ostatni to poczucie znu?enia.,,Nie,,
2/10/2016 14:26:16,1/23/1900 0:00:00,(12.5) z b??dem (10) ok,"12,8,5,29,71,7,45,2,-","23	3_CD	2_RSRC	1_SRC	5_CD	4_RSRC	6_CD",2/14/1900 0:00:00,?rednie,Laptop pod??czony do monitora. Czasami te? na telefonie.,Nie,M,1/1/1900 0:00:00,2/10/2016 14:09:06,23,"brak, troch? nudno, ale ok.",,brak. Czy monitor jest na tyle dobry ?e nie przek?amuje tego obrazu.,,brak,W pierszej by?o gorzej. W drugiej lepiej. W trzeciej by?o coraz wi?cej lepszych. W trzeciej da?em bardzo dobre mo?e 2-3 razy. Wcze?niej ko?czy? Pan na dobrych. Dopytanie: w której cz??ci naj?atwiej ocenia? jako??. W pierwszej ?atwo - same z?e. W drugiej bardziej si? zastanawia? nad wyborem.,"brak. Mam kryteria, wymagania od obrazu. Dla dokumentu mo?e by? jako?? gorsza ni? dla filmu przyrodniczego. Jest nudny ten eksperyment.",,brak,,brak,,tak,"Nie cierpi? pikseli. To co widz? jest decyduj?ce. Ostro??. Zale?y od obrazu. Dla niektórych obrazów nie wymagam super jako?ci, filmy przyrodnicze lub ?adne zdj?cia potrzebuj? lepszego obrazu. Dokumentalne lub wywiady nie ma wymagania jako?ci. Jestem fanem ta?my filmowej nie blue reya, ale specjalnie spikselowane przeszkadza.",Zaczyna by? znu?enie. Zaczyna my?le? si? ile razy si? to powtórzy. Ale ró?ni?y si? jako?ci?. ,Nie zastanawia?em si? w trakcie. Nie denerwowa?a mnie powtarzalno?? filmów.,"Nie by?em ciekawy czy zobacz? co? interesuj?cego, czy zobacz? co? co mnie zaskoczy. Zastanawia?em si? czy b?dzie jaki? obraz ostry, pornografia lub wojna, ale nic takiego nie by?o. ",2,Nie mia?em trudno?ci ze skupieniem.,brak,,Nie,,
2/10/2016 15:51:22,1/24/1900 0:00:00,"(5.0)U,Y,E,(5.5)Z,L,F","12,8,5,29,74,7,45,2,-","24	1_SRC	2_RSRC	3_CD	6_CD	4_RSRC	5_CD",1/22/1900 0:00:00,Studiuj?,"Na laptopie. Telewizor tylko w domu (bardzo rzadko), telefon zdarza si?.",nie,M,1/3/1900 12:00:00,2/10/2016 15:49:28,24,"brak. Filmiki mi si? podoba?y, czasami naprad? dobra jako??, np. odbicie na srebrnym elemencie. ",,Te filmy ró?ni? si? jedynie rozdzielczo?ci?. ,,Filmiki coraz bardziej ró?norodne. Czerwone kwiatki i ogie? zwracaj? uwag?. ,"Druga sesja naj?atwiejsza do ocena. W pierwszym si? wszystko myli bo ci?gle ten sam filmik. W trzeciej by?o ci??ko oceni? jako??. Mimo tego, ?e by?y ró?ne filmiki by?a nudniejsza ni? ta gdzie by? ci?g. ",brak,,brak,,"brak, ma?o ró?ni?a si? od poprzednich. Na ró?nych kadrach by?y ró?ne rozdzielczo?ci.",,tak,"Mia?em po pierwszej drugiej sesji jaki? standard. Bardzo dobra to idealna, jak co? zazgrzyta?o to dobra. S?aba to kwadraty a z?a to jak si? nie da?o rozpozna? nic na obrazku.",Czasem jest problem z rozró?nieniem. Szuka? Pan czym si? te filmy ró?ni?. ,Lepiej si? ocenia?o bo widzia?em co? nowego. Bardziej skupia?em si? na filmie.,Nie wp?ywa?o. Patrzy?em na sam? jako??. ,4,Kiedy kolejne filmy ró?ni?y si? od siebie. Najlepiej by?o w drugiej sesji bo by? ci?g filmów.,Kiedy widzia?em jeden film co trzeci czwarty filmik. ,,Nie,,
2/11/2016 10:05:08,1/25/1900 0:00:00,"L,Y,Z,D,P,L","12,8,5,29,21,7,45,2,-","25	1_SRC	3_CD	2_RSRC	6_CD	5_CD	4_RSRC",1/19/1900 0:00:00,Studiuj?,"Na laptopie. Te? na telewizorze, te? komórka. Nie mam teraz telewizora, ale te? ogl?dam. Jak filmy to raczej z laptopa. Filmy ?ci?gane, youtube.",nie,K,1/2/1900 0:00:00,2/11/2016 10:00:56,25,brak. Dopytana: Nudne i proste.,,brak.,,brak,"?atwiej si? ocenia jak si? powtarzaj?. Jak s? ci?gi filmów to ju? ci??ej oceni?. Dopytanie: zm?czenie. Pod koniec ci??ej si? skupi?. Mo?e by? tak, ?e filmy podobnej jako?ci s? ró?nie ocenione. Dopytanie: rodzaj sesji na zm?czenie. Ci?g dalszy filmu to mniej si? na nim skupiam (???)",brak,,brak,,brak,,tak,"Bior?c pod uwag? piksele i jako?? obrazu po prostu, to czy by?o przyjemne w odbiorze.",Nie wp?ywa?o.,Nie wp?ywa?o.,"Mo?liwe, ?e by?a bardziej przemy?lana.",2,Na pocz?tku.,Jak zapomina?am patrze?. Raczej ?wiadomie ogl?da?am.,,Nie,,
2/11/2016 12:30:27,1/26/1900 0:00:00,"L,Y,Z,D,P,L","12,8,5,29,74,7,45,2,-","26	2_RSRC	1_SRC	3_CD	4_RSRC	5_CD	6_CD",2/2/1900 0:00:00,Wy?sze,"Telewizor lub laptop (rzadziej laptop), telefon nie. G?ównie bajki dzieci?ce. ",tak,K,1/2/1900 0:00:00,2/11/2016 12:27:58,26,"Cz??? filmów nie ostra. Jedn obraz po drugim i si? nak?ada?y, nie wiadomo czy celowe czy to b??d. Szybko?? zmiany obrazów, nie wiadomo czy celowa czy przypadkowa. Troch? jest to dekoncentruj?ce. Sam system oceniania nie mam komentarzy. Lepiej osobno ocenia? ostro?? obrazu, ostro?? barw. ",,Brak. Czy jako?ciowo powtarzaj? si? filmiki? Zastanawia si? Pani czy nie zmienia si? jej opinia mimo pokazywania identycznych filmów.,,brak,"Zdecydowanie ten trzeci sposób 3_CD, bo wi?cej krajobrazów, spokojnych scen. Oko bardziej odpoczywa przy takich filmikach. Zdecydowanie gorzej ogl?da si? ten zespó?, dynamika utrudnia. Zabawki gdzie by?o du?o kolorów, wysoki kontrast te? si? ?le ogl?da. Tam gdzie rozdzielczo?? jest niska ?le si? to obiera. 
Bardziej miarodajna sesja wydaje si? sesja z powtarzaj?cymi si? filmikami. Tam mo?na bardziej obiektywnie oceni? w?a?ciwo?ci ludzkiego oka. Przez porównanie swoich ocen. Jak oceniam trzy obrazki w tej samej jako?ci pokazane w tym samym czasie. Mo?e ocenia? inaczej w czasie.",brak,,brak,,brak,,tak,"Ostro?? obrazu. Nasycenie barw. Tempo zmiany kadrów, ew. nak?adanie si? na siebie. Tempo poruszania si? elementów mia?o wp?yw na jako??, dla szybszych obrazów cz??ciej. Kontrast te?.",Do ka?dego stara?am si? podchodzi? indywidualnie. Stara?am si? oceni? tak samo jak by?y podobne. Porównywa?am dwa takie same.,Nie mia?o to znaczenia.,"Mam nadziej?, ?e nie wp?ywa?o. Jedne tre?ci by?y przyjemniejsze dla oka inne mniej, ale stara?am si? bra? pod uwag? tylko sam obraz. Przyjemniejsze bardziej stonowane, mniej nasycone kolory, elementy z umiarkowanym kontrastem. Nie za jaskrawe kolory. Na pewno obrazy mniej ruchome, widoki. ",5,Jak by?y mniej ruchome obrazy. Nie jaskrawe tylko stonowane barwy,"Przy szybkiej zmianie obrazu, przy jaskrawych obrazach i licznych ruchomych elementach.",,Nie,,
2/11/2016 13:56:32,1/27/1900 0:00:00,"L,Y,Z,O,P,L","12,8,5,29,74,7,45,2,-","27	2_RSRC	3_CD	1_SRC	4_RSRC	6_CD	5_CD",,,,,,,2/11/2016 13:55:22,27,"Dra?ni?ce jest, ?e obraz jest taki w kratk? dla niektórych filmów. Jak si? nie widzi czyjej? twarzy to fatalnie. ",,brak,,"SRC jak obraz jest bardzo dobry do cz?owiek si? rozlu?nia, ogl?da si? bez wysi?ku.",W tej ostatniej (SRC) by?o najwi?cej bardzo dobry i dobrych. Pani nie zauwa?y?a ró?nych sesji. Tam gdzie jest ?nie?enie to trudno jest oceni? czy obraz jest dobry czy s?aby.,S? ró?ne rodzaje z?ego obrazu.,,brak,,brak,,tak,"Czy to co chcia?am zobaczy? by?o wyra?ne, je?eli nie to bardzo z?a ocena.","Nie wp?ywa?o, zupe?nie mi to nie przeszkadza?o.",Zwraca?am uwag? czy dobrze mi si? to ogl?da czy si? m?cz? bo co? nie wida?. ,"Patrzy?am na g?ówny plan, ale stara?am si? zauwa?a? plan dalszy. Na obrazie czasem by?y obiekty ruchome i nie ruchome i stara?am si? zobaczy? jak si? maj? obiekty ruchome i nie ruchome.",5,"?atwiej jak obraz bardzo dobry, to bez wysi?ku. Jak co? si? dzia?o to zastanawia?am si? jak bardzo negatywnie. Te plamy przys?ania?y tre??.","Je?eli to by?a powtórka obrazu i przyrównywa?am czy obraz jest lepszy czy gorszy. To by?o najtrudniejsze. ?eby nie okaza?o si?, ?e obraz by? lepszy a ja mu da?am gorsz? ocen?.",,Tak,"Taki sam eksperyment, nie w 3D. Najprawdopodobniej VQEG Hybrid ","Porównywalne. Wydaje si? Pani, ?e by?a wtedy bardziej ?agodna dla tych anomalii obrazu. W telewizji Pani zobaczy?a Pani zniekszta?cenia i jednak takie nie mog? przej??. Po te?cie zrobi?a si? Pani bardziej krytyczna. "
2/11/2016 16:03:44,1/28/1900 0:00:00,"L,Y,Z,D,P,L","12,8,5,20,74,7,45,2,-","28	3_CD	1_SRC	2_RSRC	5_CD	4_RSRC	6_CD",1/23/1900 0:00:00,Wy?sze,"Na laptopie. Praktycznie tylko bo rzadko korzysta Pani z telewizji. Na telefonie rzadziej, cz??ciej na tablecie. Zarówno streaming jak i downloading.",nie,K,1/1/1900 0:00:00,2/11/2016 15:46:33,28,brak,,"Krotno?? powtarzania sekwencji, tych samych filmików, jest do?? nu??ca. Po obejrzeniu który? raz ten sam filmik to zaczynam mie? w?tpliwo?ci co do poprzedniej odpowiedzi.",,"Wydawa?o si?, ?e wi?cej filmików mia?o wysok? lub dobr? jako??.","Najgorzej ocenia si? jako?? w przypadku drugim, gdzie ca?y czas s? te same filmiki z ró?n? jako?ci? bo gubi si? cz?owiek jaka to jako??. Ta druga (SRC) by?a i nu??ca i nie wiadomo co s?dzi?.","Wydawa?o si?, ?e wi?cej filmików o dobrej jako?ci. Dla niektórych teraz dobra jako?? a wcze?niej beznadziejna. Kontynuacja meczu to ta ostatnia scena mia?a najgorsz? jako?? a dwie poprzednie w miar? ok.",,brak,,brak,,tak,"Na podstawie w?asnych odczu?. Jak najszybciej, ?eby to by?a najlepsza decyzja. ?eby nie zag??bia? si? czy to to lub to. ",Wzbudza?o to we mnie w?tpliwo?ci.,By?o to ?atwiejsze do oceny.,Zale?y od tre?ci. Bardzo zainteresowa?y mnie tre?ci zwi?zane ze sportem a mniej te przyrodnicze.,3,Kiedy te tre?ci wzbudza?y we mnie zainteresowanie.,Na przyrodniczych.,,Nie,,
2/11/2016 17:34:35,1/29/1900 0:00:00,"L,Y,Z,D,P,L","12,8,5,29,74,7,45,2,-","29	3_CD	2_RSRC	1_SRC	5_CD	6_CD	4_RSRC",1/21/1900 0:00:00,Studiuj?,"Na laptopie, tablecie, telefonie, bardzo ma?o ogl?dam, nigdy nie oceniam pod wzgl?dem jako?ci, jest telewizor ale nikt go nie ogl?da. G?ównie ogl?danie tuto riali. ",nie,K,1/1/1900 12:00:00,2/11/2016 17:30:57,29,W niektórych jak jest dobrze i bardzo dobrze ostro?? to nie wiadomo jak to ustawi? bo na pocz?tku piksele a potem pi?knie to stara?am si? zakwalifikowa? to wy?ej. Ze ?niegiem ci??ko zobaczy? jako??.,,"brak, jest coraz ci??ej ocenia?. Poniewa? ca?y czas si? ma w g?owie jak si? oceni?o poprzednie. Zdecydowanie chcia?abym mie? punkty pomi?dzy bardzo dobrym i dobry i pomi?dzy ?rednim i s?abym.",,"Tym razem bardziej doskwiera? mi brak wi?kszej skali. Przez to, ?e si? powtarza?y zastanawia?am si? czy na pewno jest to bardzo dobrzej jako?ci czy nie. Z dobry i bardzo dobry jest najwi?kszy problem. ","Najlepiej w drugiej. Ma si? porównanie. Mo?na najbardziej obiektywnie porówna?. W trzeciej najgorzej. Dopytanie: o te same filmiki. Przez to, ?e s? te same to próba konsystencji strasznie utrudnia ocen?. ","brak. Teraz ju? zwróci?am uwag?, ?e ?adne si? nie powtórzy?y.",,"Im bardziej filmik jest dynamiczny tym gorzej si? go ocenia. Je?eli filmiki s? bardziej kolorowe ?atwiej oceni?, maj? te? lepsz? ocen?. ",,to samo co wcze?niej.,,tak,"Patrzy?am przede wszystkim na piksele, na rozmiar piksela. Na szczegó?owo?? ima bardziej szczegó?owy i dynamiczny filmik to jako?? spada?a. Trawa czy li?cie przy gorszej jako?ci to od razu ocena spada?a. Brakowa?o na skali rewelacyjne/genialne dla naprawd? dobrych filmików.",Niestety wp?dza?o mnie w zak?opotanie i negatywnie odbi?o si? na ocenie gorszych filmików. ,?atwiej mi by?o oceni? pod wzgl?dem jako?ci bo nie by?o porównania. Nawet staraj?c si? nie porównywa? to ci??ko to wyeliminowa?. Te które si? powtarza?y by?y naj?atwiejsze do oceny.,Niestety pod koniec wp?ywa?o. Bo mia?am filmiki ulubione i nie. Stara?am si? tego nie bra? pod uwag?. Bardziej podoba?y si? filmiki z nurkiem.,4,Szczególnie na pocz?tku. Pierwsze cztery sekcje. 5 i 6 trzeba by?o si? stara?.,Pod koniec.,,Nie,,
2/14/2016 19:17:01,1/30/1900 0:00:00,,,"0	1_SRC	2_RSRC	3_CD	4_RSRC	5_CD	6_CD",1/11/1900 0:00:00,Studiuj?,"Na telewizorze, komputerze lub tablecie",tak,M,1/1/1900 0:00:00,2/14/2016 19:14:26,30,"Powtarza?a si? cz??? filmików, ale ró?ni?y si? bo niektóre by?y zamazane a niektóre normalne. Dopytanie: czy te ró?nice wp?ywaj? na ocen?? Tak.",,brak,,W tej se,"Niektóre filmy by?y tak s?abe, ?e nic nie by?o wida? a niektóre, ?e wszystko by?o wida? dobrze. Dopytanie: nudne? Ten test jest nudny. SRC najgorsze, RSRC po ?rodku. CD najlepsza. W pierwszej by?o ci??ko ocenia?. Bo niektóre filmy by?y z?e a niektóre s?abe i nie wiadomo jak to oceni?. W nast?pnych sesjach tak nie by?o. ",Z tych wszystkich trzech cz??ci tu si? wszystkie powtarza?y.,,Tyko dwóch filmów nie by?o tych samych.,,brak,,tak,"Bardzo dobra nie by?a w ogóle zamazana, ta z?a by?a bardzo zamazana, ?e nic nie by?o wida?.",To zale?a?o od ostro?ci obrazu. Nie mia?o znaczenia.,Nie wp?ywa?o.,"Nie wp?ywa?o. 
Dopytanie: By?y interesuj?ce filmy? Tak, tacy dwaj ch?opcy id? i przechodz? przez barierki i chyba chc? si? w?ama? do sklepu. Potem przyjerzdza policja. ",1,Kiedy by? obraz niezamazany.,Kiedy by? zamazany. Czas trwania nie ma znaczenia.,,Nie,,
2/14/2016 20:23:07,1/31/1900 0:00:00,,,"1	1_SRC	3_CD	2_RSRC	4_RSRC	6_CD	5_CD",1/13/1900 0:00:00,Studiuj?,"Na telefonie. Rzutnik, ew. telewizor. Seriale przez www. ew. youtube. ",tak,K,1/1/1900 0:00:00,2/14/2016 20:20:34,31,jeszcze mniej filmów ni? w zesz?ym roku.,,przynajmniej by?y ró?ne filmiki. ,,"Brak, powtarza?y si? ca?y czas trzy filmy. Znaczy te same, ale w ró?nych uj?ciach. 
","Dla której najwygodniej ocenia si? jako??: Tam gdzie w kó?ko lec? te same. 
Inne cechy sesji: T? ostatni? (RSRC) ocenia?o si? najtrudniej. bo by?a podobna jako?? i ró?ne uj?cia i trudno si? ocenia. Tylko traoch? si? ró?ni?a. ","brak. Czasem pami?ta?am jak oceni?am filmik w poprzedniej sesji. Wtedy stara?am si? dawa? t? sam? ocen?. Jak by?am pewna, ?e to ten sam.
Jeszcze dwie? To mo?e prze?yje. ",,"brak, ?e te filmiki wcze?niej lecia?y i wiem, ?e oceni?am je inaczej ni? poprzednio.",,brak,,tak,Ocenia?am jak wygl?da ogólnie ca?o??. Patrzy?am czy mo?na rozpozna? ró?ne przedmioty. Jak si? da?o to dawa?am ok jak nie to ni?ej.,"Wtedy porównywa?am je mi?dzy sob?, my?l?, ?e to hmm jak by?y podobne to przypomina?am sobie jak? ocen? da?am i ocenia?am podobnie.",Ocenia?am mniej dok?adnie bo patrzy?am bardziej co si? dzieje. Bardziej si? rozprasza?am akcj?. ,Raczej nie wp?ywa?a. Stara?am si? nie ocenia?.,2,?atwiej by?o si? skupi? na filmikach o gorszej jako?ci.,Trudniej na lepszej.,Tak,Tak,Taki sam Hybrid dla VQEG,"W tamtym by?o lepiej bo by? wi?kszy ekran i lepiej si? patrzy?o. Tu by?o lepiej bo by?a informacja, ?e si? jest w po?owie. Lepiej ocenia? na komputerze ni? tablecie."
,,,,,,,,,,,,,,,,,,,,,,,,,,,,,,,,,,,,
,,,,,,,,,,,,,,,,,,,,,,,,,,,,,,,,,,,,
,,,,,,,,,,,,,,,,,,,,,,,,,,,,,,,,,,,,
,,,,,,,,,,,,,,,,,,,,,,,,,,,,,,,,,,,,
,,,,,,,,,,,,,,,,,,,,,,,,,,,,,,,,,,,,
,,,,,,,,,,,,,,,,,,,,,,,,,,,,,,,,,,,,
,,,,,,,,,,,,,,,,,,,,,,,,,,,,,,,,,,,,
,,,,,,,,,,,,,,,,,,,,,,,,,,,,,,,,,,,,
,,,,,,,,,,,,,,,,,,,,,,,,,,,,,,,,,,,,
,,,,,,,,,,,,,,,,,,,,,,,,,,,,,,,,,,,,
,,,,,,,,,,,,,,,,,,,,,,,,,,,,,,,,,,,,
,,,,,,,,,,,,,,,,,,,,,,,,,,,,,,,,,,,,
,,,,,,,,,,,,,,,,,,,,,,,,,,,,,,,,,,,,
,,,,,,,,,,,,,,,,,,,,,,,,,,,,,,,,,,,,
,,,,,,,,,,,,,,,,,,,,,,,,,,,,,,,,,,,,
,,,,,,,,,,,,,,,,,,,,,,,,,,,,,,,,,,,,
,,,,,,,,,,,,,,,,,,,,,,,,,,,,,,,,,,,,
,,,,,,,,,,,,,,,,,,,,,,,,,,,,,,,,,,,,
,,,,,,,,,,,,,,,,,,,,,,,,,,,,,,,,,,,,
,,,,,,,,,,,,,,,,,,,,,,,,,,,,,,,,,,,,
,,,,,,,,,,,,,,,,,,,,,,,,,,,,,,,,,,,,
,,,,,,,,,,,,,,,,,,,,,,,,,,,,,,,,,,,,
,,,,,,,,,,,,,,,,,,,,,,,,,,,,,,,,,,,,
,,,,,,,,,,,,,,,,,,,,,,,,,,,,,,,,,,,,
,,,,,,,,,,,,,,,,,,,,,,,,,,,,,,,,,,,,
,,,,,,,,,,,,,,,,,,,,,,,,,,,,,,,,,,,,
,,,,,,,,,,,,,,,,,,,,,,,,,,,,,,,,,,,,
,,,,,,,,,,,,,,,,,,,,,,,,,,,,,,,,,,,,
,,,,,,,,,,,,,,,,,,,,,,,,,,,,,,,,,,,,
,,,,,,,,,,,,,,,,,,,,,,,,,,,,,,,,,,,,
,,,,,,,,,,,,,,,,,,,,,,,,,,,,,,,,,,,,
,,,,,,,,,,,,,,,,,,,,,,,,,,,,,,,,,,,,
,,,,,,,,,,,,,,,,,,,,,,,,,,,,,,,,,,,,
,,,,,,,,,,,,,,,,,,,,,,,,,,,,,,,,,,,,
,,,,,,,,,,,,,,,,,,,,,,,,,,,,,,,,,,,,
,,,,,,,,,,,,,,,,,,,,,,,,,,,,,,,,,,,,
,,,,,,,,,,,,,,,,,,,,,,,,,,,,,,,,,,,,
,,,,,,,,,,,,,,,,,,,,,,,,,,,,,,,,,,,,
,,,,,,,,,,,,,,,,,,,,,,,,,,,,,,,,,,,,
,,,,,,,,,,,,,,,,,,,,,,,,,,,,,,,,,,,,
,,,,,,,,,,,,,,,,,,,,,,,,,,,,,,,,,,,,
,,,,,,,,,,,,,,,,,,,,,,,,,,,,,,,,,,,,
,,,,,,,,,,,,,,,,,,,,,,,,,,,,,,,,,,,,
,,,,,,,,,,,,,,,,,,,,,,,,,,,,,,,,,,,,
,,,,,,,,,,,,,,,,,,,,,,,,,,,,,,,,,,,,
,,,,,,,,,,,,,,,,,,,,,,,,,,,,,,,,,,,,
,,,,,,,,,,,,,,,,,,,,,,,,,,,,,,,,,,,,
,,,,,,,,,,,,,,,,,,,,,,,,,,,,,,,,,,,,
,,,,,,,,,,,,,,,,,,,,,,,,,,,,,,,,,,,,
,,,,,,,,,,,,,,,,,,,,,,,,,,,,,,,,,,,,
,,,,,,,,,,,,,,,,,,,,,,,,,,,,,,,,,,,,
,,,,,,,,,,,,,,,,,,,,,,,,,,,,,,,,,,,,
,,,,,,,,,,,,,,,,,,,,,,,,,,,,,,,,,,,,
,,,,,,,,,,,,,,,,,,,,,,,,,,,,,,,,,,,,
,,,,,,,,,,,,,,,,,,,,,,,,,,,,,,,,,,,,
,,,,,,,,,,,,,,,,,,,,,,,,,,,,,,,,,,,,
,,,,,,,,,,,,,,,,,,,,,,,,,,,,,,,,,,,,
,,,,,,,,,,,,,,,,,,,,,,,,,,,,,,,,,,,,
,,,,,,,,,,,,,,,,,,,,,,,,,,,,,,,,,,,,
,,,,,,,,,,,,,,,,,,,,,,,,,,,,,,,,,,,,
,,,,,,,,,,,,,,,,,,,,,,,,,,,,,,,,,,,,
,,,,,,,,,,,,,,,,,,,,,,,,,,,,,,,,,,,,
,,,,,,,,,,,,,,,,,,,,,,,,,,,,,,,,,,,,
,,,,,,,,,,,,,,,,,,,,,,,,,,,,,,,,,,,,
,,,,,,,,,,,,,,,,,,,,,,,,,,,,,,,,,,,,
,,,,,,,,,,,,,,,,,,,,,,,,,,,,,,,,,,,,
,,,,,,,,,,,,,,,,,,,,,,,,,,,,,,,,,,,,
,,,,,,,,,,,,,,,,,,,,,,,,,,,,,,,,,,,,
,,,,,,,,,,,,,,,,,,,,,,,,,,,,,,,,,,,,
,,,,,,,,,,,,,,,,,,,,,,,,,,,,,,,,,,,,
,,,,,,,,,,,,,,,,,,,,,,,,,,,,,,,,,,,,
,,,,,,,,,,,,,,,,,,,,,,,,,,,,,,,,,,,,
,,,,,,,,,,,,,,,,,,,,,,,,,,,,,,,,,,,,
,,,,,,,,,,,,,,,,,,,,,,,,,,,,,,,,,,,,
,,,,,,,,,,,,,,,,,,,,,,,,,,,,,,,,,,,,
,,,,,,,,,,,,,,,,,,,,,,,,,,,,,,,,,,,,
,,,,,,,,,,,,,,,,,,,,,,,,,,,,,,,,,,,,
,,,,,,,,,,,,,,,,,,,,,,,,,,,,,,,,,,,,
,,,,,,,,,,,,,,,,,,,,,,,,,,,,,,,,,,,,
,,,,,,,,,,,,,,,,,,,,,,,,,,,,,,,,,,,,
,,,,,,,,,,,,,,,,,,,,,,,,,,,,,,,,,,,,
,,,,,,,,,,,,,,,,,,,,,,,,,,,,,,,,,,,,
,,,,,,,,,,,,,,,,,,,,,,,,,,,,,,,,,,,,
,,,,,,,,,,,,,,,,,,,,,,,,,,,,,,,,,,,,
,,,,,,,,,,,,,,,,,,,,,,,,,,,,,,,,,,,,
,,,,,,,,,,,,,,,,,,,,,,,,,,,,,,,,,,,,
,,,,,,,,,,,,,,,,,,,,,,,,,,,,,,,,,,,,
,,,,,,,,,,,,,,,,,,,,,,,,,,,,,,,,,,,,
,,,,,,,,,,,,,,,,,,,,,,,,,,,,,,,,,,,,
,,,,,,,,,,,,,,,,,,,,,,,,,,,,,,,,,,,,
,,,,,,,,,,,,,,,,,,,,,,,,,,,,,,,,,,,,
,,,,,,,,,,,,,,,,,,,,,,,,,,,,,,,,,,,,
,,,,,,,,,,,,,,,,,,,,,,,,,,,,,,,,,,,,
,,,,,,,,,,,,,,,,,,,,,,,,,,,,,,,,,,,,
,,,,,,,,,,,,,,,,,,,,,,,,,,,,,,,,,,,,
,,,,,,,,,,,,,,,,,,,,,,,,,,,,,,,,,,,,
,,,,,,,,,,,,,,,,,,,,,,,,,,,,,,,,,,,,
,,,,,,,,,,,,,,,,,,,,,,,,,,,,,,,,,,,,
,,,,,,,,,,,,,,,,,,,,,,,,,,,,,,,,,,,,
,,,,,,,,,,,,,,,,,,,,,,,,,,,,,,,,,,,,
,,,,,,,,,,,,,,,,,,,,,,,,,,,,,,,,,,,,
,,,,,,,,,,,,,,,,,,,,,,,,,,,,,,,,,,,,
,,,,,,,,,,,,,,,,,,,,,,,,,,,,,,,,,,,,
,,,,,,,,,,,,,,,,,,,,,,,,,,,,,,,,,,,,
,,,,,,,,,,,,,,,,,,,,,,,,,,,,,,,,,,,,
,,,,,,,,,,,,,,,,,,,,,,,,,,,,,,,,,,,,
,,,,,,,,,,,,,,,,,,,,,,,,,,,,,,,,,,,,
,,,,,,,,,,,,,,,,,,,,,,,,,,,,,,,,,,,,
,,,,,,,,,,,,,,,,,,,,,,,,,,,,,,,,,,,,
,,,,,,,,,,,,,,,,,,,,,,,,,,,,,,,,,,,,
,,,,,,,,,,,,,,,,,,,,,,,,,,,,,,,,,,,,
,,,,,,,,,,,,,,,,,,,,,,,,,,,,,,,,,,,,
,,,,,,,,,,,,,,,,,,,,,,,,,,,,,,,,,,,,
,,,,,,,,,,,,,,,,,,,,,,,,,,,,,,,,,,,,
,,,,,,,,,,,,,,,,,,,,,,,,,,,,,,,,,,,,
,,,,,,,,,,,,,,,,,,,,,,,,,,,,,,,,,,,,
,,,,,,,,,,,,,,,,,,,,,,,,,,,,,,,,,,,,
,,,,,,,,,,,,,,,,,,,,,,,,,,,,,,,,,,,,
,,,,,,,,,,,,,,,,,,,,,,,,,,,,,,,,,,,,
,,,,,,,,,,,,,,,,,,,,,,,,,,,,,,,,,,,,
,,,,,,,,,,,,,,,,,,,,,,,,,,,,,,,,,,,,
,,,,,,,,,,,,,,,,,,,,,,,,,,,,,,,,,,,,
,,,,,,,,,,,,,,,,,,,,,,,,,,,,,,,,,,,,
,,,,,,,,,,,,,,,,,,,,,,,,,,,,,,,,,,,,
,,,,,,,,,,,,,,,,,,,,,,,,,,,,,,,,,,,,
,,,,,,,,,,,,,,,,,,,,,,,,,,,,,,,,,,,,
,,,,,,,,,,,,,,,,,,,,,,,,,,,,,,,,,,,,
,,,,,,,,,,,,,,,,,,,,,,,,,,,,,,,,,,,,
,,,,,,,,,,,,,,,,,,,,,,,,,,,,,,,,,,,,
,,,,,,,,,,,,,,,,,,,,,,,,,,,,,,,,,,,,
,,,,,,,,,,,,,,,,,,,,,,,,,,,,,,,,,,,,
,,,,,,,,,,,,,,,,,,,,,,,,,,,,,,,,,,,,
,,,,,,,,,,,,,,,,,,,,,,,,,,,,,,,,,,,,
,,,,,,,,,,,,,,,,,,,,,,,,,,,,,,,,,,,,
,,,,,,,,,,,,,,,,,,,,,,,,,,,,,,,,,,,,
,,,,,,,,,,,,,,,,,,,,,,,,,,,,,,,,,,,,
,,,,,,,,,,,,,,,,,,,,,,,,,,,,,,,,,,,,
,,,,,,,,,,,,,,,,,,,,,,,,,,,,,,,,,,,,
,,,,,,,,,,,,,,,,,,,,,,,,,,,,,,,,,,,,
,,,,,,,,,,,,,,,,,,,,,,,,,,,,,,,,,,,,
,,,,,,,,,,,,,,,,,,,,,,,,,,,,,,,,,,,,
,,,,,,,,,,,,,,,,,,,,,,,,,,,,,,,,,,,,
,,,,,,,,,,,,,,,,,,,,,,,,,,,,,,,,,,,,
,,,,,,,,,,,,,,,,,,,,,,,,,,,,,,,,,,,,
,,,,,,,,,,,,,,,,,,,,,,,,,,,,,,,,,,,,
,,,,,,,,,,,,,,,,,,,,,,,,,,,,,,,,,,,,
,,,,,,,,,,,,,,,,,,,,,,,,,,,,,,,,,,,,
,,,,,,,,,,,,,,,,,,,,,,,,,,,,,,,,,,,,
,,,,,,,,,,,,,,,,,,,,,,,,,,,,,,,,,,,,
,,,,,,,,,,,,,,,,,,,,,,,,,,,,,,,,,,,,
,,,,,,,,,,,,,,,,,,,,,,,,,,,,,,,,,,,,
,,,,,,,,,,,,,,,,,,,,,,,,,,,,,,,,,,,,
,,,,,,,,,,,,,,,,,,,,,,,,,,,,,,,,,,,,
,,,,,,,,,,,,,,,,,,,,,,,,,,,,,,,,,,,,
,,,,,,,,,,,,,,,,,,,,,,,,,,,,,,,,,,,,
,,,,,,,,,,,,,,,,,,,,,,,,,,,,,,,,,,,,
,,,,,,,,,,,,,,,,,,,,,,,,,,,,,,,,,,,,
,,,,,,,,,,,,,,,,,,,,,,,,,,,,,,,,,,,,
,,,,,,,,,,,,,,,,,,,,,,,,,,,,,,,,,,,,
,,,,,,,,,,,,,,,,,,,,,,,,,,,,,,,,,,,,
,,,,,,,,,,,,,,,,,,,,,,,,,,,,,,,,,,,,
,,,,,,,,,,,,,,,,,,,,,,,,,,,,,,,,,,,,
,,,,,,,,,,,,,,,,,,,,,,,,,,,,,,,,,,,,
,,,,,,,,,,,,,,,,,,,,,,,,,,,,,,,,,,,,
,,,,,,,,,,,,,,,,,,,,,,,,,,,,,,,,,,,,
,,,,,,,,,,,,,,,,,,,,,,,,,,,,,,,,,,,,
,,,,,,,,,,,,,,,,,,,,,,,,,,,,,,,,,,,,
,,,,,,,,,,,,,,,,,,,,,,,,,,,,,,,,,,,,
,,,,,,,,,,,,,,,,,,,,,,,,,,,,,,,,,,,,
,,,,,,,,,,,,,,,,,,,,,,,,,,,,,,,,,,,,
,,,,,,,,,,,,,,,,,,,,,,,,,,,,,,,,,,,,
,,,,,,,,,,,,,,,,,,,,,,,,,,,,,,,,,,,,
,,,,,,,,,,,,,,,,,,,,,,,,,,,,,,,,,,,,
,,,,,,,,,,,,,,,,,,,,,,,,,,,,,,,,,,,,
,,,,,,,,,,,,,,,,,,,,,,,,,,,,,,,,,,,,
,,,,,,,,,,,,,,,,,,,,,,,,,,,,,,,,,,,,
,,,,,,,,,,,,,,,,,,,,,,,,,,,,,,,,,,,,
,,,,,,,,,,,,,,,,,,,,,,,,,,,,,,,,,,,,
,,,,,,,,,,,,,,,,,,,,,,,,,,,,,,,,,,,,
,,,,,,,,,,,,,,,,,,,,,,,,,,,,,,,,,,,,
,,,,,,,,,,,,,,,,,,,,,,,,,,,,,,,,,,,,
,,,,,,,,,,,,,,,,,,,,,,,,,,,,,,,,,,,,
,,,,,,,,,,,,,,,,,,,,,,,,,,,,,,,,,,,,
,,,,,,,,,,,,,,,,,,,,,,,,,,,,,,,,,,,,
,,,,,,,,,,,,,,,,,,,,,,,,,,,,,,,,,,,,
,,,,,,,,,,,,,,,,,,,,,,,,,,,,,,,,,,,,
,,,,,,,,,,,,,,,,,,,,,,,,,,,,,,,,,,,,
,,,,,,,,,,,,,,,,,,,,,,,,,,,,,,,,,,,,
,,,,,,,,,,,,,,,,,,,,,,,,,,,,,,,,,,,,
,,,,,,,,,,,,,,,,,,,,,,,,,,,,,,,,,,,,
,,,,,,,,,,,,,,,,,,,,,,,,,,,,,,,,,,,,
,,,,,,,,,,,,,,,,,,,,,,,,,,,,,,,,,,,,
,,,,,,,,,,,,,,,,,,,,,,,,,,,,,,,,,,,,
,,,,,,,,,,,,,,,,,,,,,,,,,,,,,,,,,,,,
,,,,,,,,,,,,,,,,,,,,,,,,,,,,,,,,,,,,
,,,,,,,,,,,,,,,,,,,,,,,,,,,,,,,,,,,,
,,,,,,,,,,,,,,,,,,,,,,,,,,,,,,,,,,,,
,,,,,,,,,,,,,,,,,,,,,,,,,,,,,,,,,,,,
,,,,,,,,,,,,,,,,,,,,,,,,,,,,,,,,,,,,
,,,,,,,,,,,,,,,,,,,,,,,,,,,,,,,,,,,,
,,,,,,,,,,,,,,,,,,,,,,,,,,,,,,,,,,,,
,,,,,,,,,,,,,,,,,,,,,,,,,,,,,,,,,,,,
,,,,,,,,,,,,,,,,,,,,,,,,,,,,,,,,,,,,
,,,,,,,,,,,,,,,,,,,,,,,,,,,,,,,,,,,,
,,,,,,,,,,,,,,,,,,,,,,,,,,,,,,,,,,,,
,,,,,,,,,,,,,,,,,,,,,,,,,,,,,,,,,,,,
,,,,,,,,,,,,,,,,,,,,,,,,,,,,,,,,,,,,
,,,,,,,,,,,,,,,,,,,,,,,,,,,,,,,,,,,,
,,,,,,,,,,,,,,,,,,,,,,,,,,,,,,,,,,,,
,,,,,,,,,,,,,,,,,,,,,,,,,,,,,,,,,,,,
,,,,,,,,,,,,,,,,,,,,,,,,,,,,,,,,,,,,
,,,,,,,,,,,,,,,,,,,,,,,,,,,,,,,,,,,,
,,,,,,,,,,,,,,,,,,,,,,,,,,,,,,,,,,,,
,,,,,,,,,,,,,,,,,,,,,,,,,,,,,,,,,,,,
,,,,,,,,,,,,,,,,,,,,,,,,,,,,,,,,,,,,
,,,,,,,,,,,,,,,,,,,,,,,,,,,,,,,,,,,,
,,,,,,,,,,,,,,,,,,,,,,,,,,,,,,,,,,,,
,,,,,,,,,,,,,,,,,,,,,,,,,,,,,,,,,,,,
,,,,,,,,,,,,,,,,,,,,,,,,,,,,,,,,,,,,
,,,,,,,,,,,,,,,,,,,,,,,,,,,,,,,,,,,,
,,,,,,,,,,,,,,,,,,,,,,,,,,,,,,,,,,,,
,,,,,,,,,,,,,,,,,,,,,,,,,,,,,,,,,,,,
,,,,,,,,,,,,,,,,,,,,,,,,,,,,,,,,,,,,
,,,,,,,,,,,,,,,,,,,,,,,,,,,,,,,,,,,,
,,,,,,,,,,,,,,,,,,,,,,,,,,,,,,,,,,,,
,,,,,,,,,,,,,,,,,,,,,,,,,,,,,,,,,,,,
,,,,,,,,,,,,,,,,,,,,,,,,,,,,,,,,,,,,
,,,,,,,,,,,,,,,,,,,,,,,,,,,,,,,,,,,,
,,,,,,,,,,,,,,,,,,,,,,,,,,,,,,,,,,,,
,,,,,,,,,,,,,,,,,,,,,,,,,,,,,,,,,,,,
,,,,,,,,,,,,,,,,,,,,,,,,,,,,,,,,,,,,
,,,,,,,,,,,,,,,,,,,,,,,,,,,,,,,,,,,,
,,,,,,,,,,,,,,,,,,,,,,,,,,,,,,,,,,,,
,,,,,,,,,,,,,,,,,,,,,,,,,,,,,,,,,,,,
,,,,,,,,,,,,,,,,,,,,,,,,,,,,,,,,,,,,
,,,,,,,,,,,,,,,,,,,,,,,,,,,,,,,,,,,,
,,,,,,,,,,,,,,,,,,,,,,,,,,,,,,,,,,,,
,,,,,,,,,,,,,,,,,,,,,,,,,,,,,,,,,,,,
,,,,,,,,,,,,,,,,,,,,,,,,,,,,,,,,,,,,
,,,,,,,,,,,,,,,,,,,,,,,,,,,,,,,,,,,,
,,,,,,,,,,,,,,,,,,,,,,,,,,,,,,,,,,,,
,,,,,,,,,,,,,,,,,,,,,,,,,,,,,,,,,,,,
,,,,,,,,,,,,,,,,,,,,,,,,,,,,,,,,,,,,
,,,,,,,,,,,,,,,,,,,,,,,,,,,,,,,,,,,,
,,,,,,,,,,,,,,,,,,,,,,,,,,,,,,,,,,,,
,,,,,,,,,,,,,,,,,,,,,,,,,,,,,,,,,,,,
,,,,,,,,,,,,,,,,,,,,,,,,,,,,,,,,,,,,
,,,,,,,,,,,,,,,,,,,,,,,,,,,,,,,,,,,,
,,,,,,,,,,,,,,,,,,,,,,,,,,,,,,,,,,,,
,,,,,,,,,,,,,,,,,,,,,,,,,,,,,,,,,,,,
,,,,,,,,,,,,,,,,,,,,,,,,,,,,,,,,,,,,
,,,,,,,,,,,,,,,,,,,,,,,,,,,,,,,,,,,,
,,,,,,,,,,,,,,,,,,,,,,,,,,,,,,,,,,,,
,,,,,,,,,,,,,,,,,,,,,,,,,,,,,,,,,,,,
,,,,,,,,,,,,,,,,,,,,,,,,,,,,,,,,,,,,
,,,,,,,,,,,,,,,,,,,,,,,,,,,,,,,,,,,,
,,,,,,,,,,,,,,,,,,,,,,,,,,,,,,,,,,,,
,,,,,,,,,,,,,,,,,,,,,,,,,,,,,,,,,,,,
,,,,,,,,,,,,,,,,,,,,,,,,,,,,,,,,,,,,
,,,,,,,,,,,,,,,,,,,,,,,,,,,,,,,,,,,,
,,,,,,,,,,,,,,,,,,,,,,,,,,,,,,,,,,,,
,,,,,,,,,,,,,,,,,,,,,,,,,,,,,,,,,,,,
,,,,,,,,,,,,,,,,,,,,,,,,,,,,,,,,,,,,
,,,,,,,,,,,,,,,,,,,,,,,,,,,,,,,,,,,,
,,,,,,,,,,,,,,,,,,,,,,,,,,,,,,,,,,,,
,,,,,,,,,,,,,,,,,,,,,,,,,,,,,,,,,,,,
,,,,,,,,,,,,,,,,,,,,,,,,,,,,,,,,,,,,
,,,,,,,,,,,,,,,,,,,,,,,,,,,,,,,,,,,,
,,,,,,,,,,,,,,,,,,,,,,,,,,,,,,,,,,,,
,,,,,,,,,,,,,,,,,,,,,,,,,,,,,,,,,,,,
,,,,,,,,,,,,,,,,,,,,,,,,,,,,,,,,,,,,
,,,,,,,,,,,,,,,,,,,,,,,,,,,,,,,,,,,,
,,,,,,,,,,,,,,,,,,,,,,,,,,,,,,,,,,,,
,,,,,,,,,,,,,,,,,,,,,,,,,,,,,,,,,,,,
,,,,,,,,,,,,,,,,,,,,,,,,,,,,,,,,,,,,
,,,,,,,,,,,,,,,,,,,,,,,,,,,,,,,,,,,,
,,,,,,,,,,,,,,,,,,,,,,,,,,,,,,,,,,,,
,,,,,,,,,,,,,,,,,,,,,,,,,,,,,,,,,,,,
,,,,,,,,,,,,,,,,,,,,,,,,,,,,,,,,,,,,
,,,,,,,,,,,,,,,,,,,,,,,,,,,,,,,,,,,,
,,,,,,,,,,,,,,,,,,,,,,,,,,,,,,,,,,,,
,,,,,,,,,,,,,,,,,,,,,,,,,,,,,,,,,,,,
,,,,,,,,,,,,,,,,,,,,,,,,,,,,,,,,,,,,
,,,,,,,,,,,,,,,,,,,,,,,,,,,,,,,,,,,,
,,,,,,,,,,,,,,,,,,,,,,,,,,,,,,,,,,,,
,,,,,,,,,,,,,,,,,,,,,,,,,,,,,,,,,,,,
,,,,,,,,,,,,,,,,,,,,,,,,,,,,,,,,,,,,
,,,,,,,,,,,,,,,,,,,,,,,,,,,,,,,,,,,,
,,,,,,,,,,,,,,,,,,,,,,,,,,,,,,,,,,,,
,,,,,,,,,,,,,,,,,,,,,,,,,,,,,,,,,,,,
,,,,,,,,,,,,,,,,,,,,,,,,,,,,,,,,,,,,
,,,,,,,,,,,,,,,,,,,,,,,,,,,,,,,,,,,,
,,,,,,,,,,,,,,,,,,,,,,,,,,,,,,,,,,,,
,,,,,,,,,,,,,,,,,,,,,,,,,,,,,,,,,,,,
,,,,,,,,,,,,,,,,,,,,,,,,,,,,,,,,,,,,
,,,,,,,,,,,,,,,,,,,,,,,,,,,,,,,,,,,,
,,,,,,,,,,,,,,,,,,,,,,,,,,,,,,,,,,,,
,,,,,,,,,,,,,,,,,,,,,,,,,,,,,,,,,,,,
,,,,,,,,,,,,,,,,,,,,,,,,,,,,,,,,,,,,
,,,,,,,,,,,,,,,,,,,,,,,,,,,,,,,,,,,,
,,,,,,,,,,,,,,,,,,,,,,,,,,,,,,,,,,,,
,,,,,,,,,,,,,,,,,,,,,,,,,,,,,,,,,,,,
,,,,,,,,,,,,,,,,,,,,,,,,,,,,,,,,,,,,
,,,,,,,,,,,,,,,,,,,,,,,,,,,,,,,,,,,,
,,,,,,,,,,,,,,,,,,,,,,,,,,,,,,,,,,,,
,,,,,,,,,,,,,,,,,,,,,,,,,,,,,,,,,,,,
,,,,,,,,,,,,,,,,,,,,,,,,,,,,,,,,,,,,
,,,,,,,,,,,,,,,,,,,,,,,,,,,,,,,,,,,,
,,,,,,,,,,,,,,,,,,,,,,,,,,,,,,,,,,,,
,,,,,,,,,,,,,,,,,,,,,,,,,,,,,,,,,,,,
,,,,,,,,,,,,,,,,,,,,,,,,,,,,,,,,,,,,
,,,,,,,,,,,,,,,,,,,,,,,,,,,,,,,,,,,,
,,,,,,,,,,,,,,,,,,,,,,,,,,,,,,,,,,,,
,,,,,,,,,,,,,,,,,,,,,,,,,,,,,,,,,,,,
,,,,,,,,,,,,,,,,,,,,,,,,,,,,,,,,,,,,
,,,,,,,,,,,,,,,,,,,,,,,,,,,,,,,,,,,,
,,,,,,,,,,,,,,,,,,,,,,,,,,,,,,,,,,,,
,,,,,,,,,,,,,,,,,,,,,,,,,,,,,,,,,,,,
,,,,,,,,,,,,,,,,,,,,,,,,,,,,,,,,,,,,
,,,,,,,,,,,,,,,,,,,,,,,,,,,,,,,,,,,,
,,,,,,,,,,,,,,,,,,,,,,,,,,,,,,,,,,,,
,,,,,,,,,,,,,,,,,,,,,,,,,,,,,,,,,,,,
,,,,,,,,,,,,,,,,,,,,,,,,,,,,,,,,,,,,
,,,,,,,,,,,,,,,,,,,,,,,,,,,,,,,,,,,,
,,,,,,,,,,,,,,,,,,,,,,,,,,,,,,,,,,,,
,,,,,,,,,,,,,,,,,,,,,,,,,,,,,,,,,,,,
,,,,,,,,,,,,,,,,,,,,,,,,,,,,,,,,,,,,
,,,,,,,,,,,,,,,,,,,,,,,,,,,,,,,,,,,,
,,,,,,,,,,,,,,,,,,,,,,,,,,,,,,,,,,,,
,,,,,,,,,,,,,,,,,,,,,,,,,,,,,,,,,,,,
,,,,,,,,,,,,,,,,,,,,,,,,,,,,,,,,,,,,
,,,,,,,,,,,,,,,,,,,,,,,,,,,,,,,,,,,,
,,,,,,,,,,,,,,,,,,,,,,,,,,,,,,,,,,,,
,,,,,,,,,,,,,,,,,,,,,,,,,,,,,,,,,,,,
,,,,,,,,,,,,,,,,,,,,,,,,,,,,,,,,,,,,
,,,,,,,,,,,,,,,,,,,,,,,,,,,,,,,,,,,,
,,,,,,,,,,,,,,,,,,,,,,,,,,,,,,,,,,,,
,,,,,,,,,,,,,,,,,,,,,,,,,,,,,,,,,,,,
,,,,,,,,,,,,,,,,,,,,,,,,,,,,,,,,,,,,
,,,,,,,,,,,,,,,,,,,,,,,,,,,,,,,,,,,,
,,,,,,,,,,,,,,,,,,,,,,,,,,,,,,,,,,,,
,,,,,,,,,,,,,,,,,,,,,,,,,,,,,,,,,,,,
,,,,,,,,,,,,,,,,,,,,,,,,,,,,,,,,,,,,
,,,,,,,,,,,,,,,,,,,,,,,,,,,,,,,,,,,,
,,,,,,,,,,,,,,,,,,,,,,,,,,,,,,,,,,,,
,,,,,,,,,,,,,,,,,,,,,,,,,,,,,,,,,,,,
,,,,,,,,,,,,,,,,,,,,,,,,,,,,,,,,,,,,
,,,,,,,,,,,,,,,,,,,,,,,,,,,,,,,,,,,,
,,,,,,,,,,,,,,,,,,,,,,,,,,,,,,,,,,,,
,,,,,,,,,,,,,,,,,,,,,,,,,,,,,,,,,,,,
,,,,,,,,,,,,,,,,,,,,,,,,,,,,,,,,,,,,
,,,,,,,,,,,,,,,,,,,,,,,,,,,,,,,,,,,,
,,,,,,,,,,,,,,,,,,,,,,,,,,,,,,,,,,,,
,,,,,,,,,,,,,,,,,,,,,,,,,,,,,,,,,,,,
,,,,,,,,,,,,,,,,,,,,,,,,,,,,,,,,,,,,
,,,,,,,,,,,,,,,,,,,,,,,,,,,,,,,,,,,,
,,,,,,,,,,,,,,,,,,,,,,,,,,,,,,,,,,,,
,,,,,,,,,,,,,,,,,,,,,,,,,,,,,,,,,,,,
,,,,,,,,,,,,,,,,,,,,,,,,,,,,,,,,,,,,
,,,,,,,,,,,,,,,,,,,,,,,,,,,,,,,,,,,,
,,,,,,,,,,,,,,,,,,,,,,,,,,,,,,,,,,,,
,,,,,,,,,,,,,,,,,,,,,,,,,,,,,,,,,,,,
,,,,,,,,,,,,,,,,,,,,,,,,,,,,,,,,,,,,
,,,,,,,,,,,,,,,,,,,,,,,,,,,,,,,,,,,,
,,,,,,,,,,,,,,,,,,,,,,,,,,,,,,,,,,,,
,,,,,,,,,,,,,,,,,,,,,,,,,,,,,,,,,,,,
,,,,,,,,,,,,,,,,,,,,,,,,,,,,,,,,,,,,
,,,,,,,,,,,,,,,,,,,,,,,,,,,,,,,,,,,,
,,,,,,,,,,,,,,,,,,,,,,,,,,,,,,,,,,,,
,,,,,,,,,,,,,,,,,,,,,,,,,,,,,,,,,,,,
,,,,,,,,,,,,,,,,,,,,,,,,,,,,,,,,,,,,
,,,,,,,,,,,,,,,,,,,,,,,,,,,,,,,,,,,,
,,,,,,,,,,,,,,,,,,,,,,,,,,,,,,,,,,,,
,,,,,,,,,,,,,,,,,,,,,,,,,,,,,,,,,,,,
,,,,,,,,,,,,,,,,,,,,,,,,,,,,,,,,,,,,
,,,,,,,,,,,,,,,,,,,,,,,,,,,,,,,,,,,,
,,,,,,,,,,,,,,,,,,,,,,,,,,,,,,,,,,,,
,,,,,,,,,,,,,,,,,,,,,,,,,,,,,,,,,,,,
,,,,,,,,,,,,,,,,,,,,,,,,,,,,,,,,,,,,
,,,,,,,,,,,,,,,,,,,,,,,,,,,,,,,,,,,,
,,,,,,,,,,,,,,,,,,,,,,,,,,,,,,,,,,,,
,,,,,,,,,,,,,,,,,,,,,,,,,,,,,,,,,,,,
,,,,,,,,,,,,,,,,,,,,,,,,,,,,,,,,,,,,
,,,,,,,,,,,,,,,,,,,,,,,,,,,,,,,,,,,,
,,,,,,,,,,,,,,,,,,,,,,,,,,,,,,,,,,,,
,,,,,,,,,,,,,,,,,,,,,,,,,,,,,,,,,,,,
,,,,,,,,,,,,,,,,,,,,,,,,,,,,,,,,,,,,
,,,,,,,,,,,,,,,,,,,,,,,,,,,,,,,,,,,,
,,,,,,,,,,,,,,,,,,,,,,,,,,,,,,,,,,,,
,,,,,,,,,,,,,,,,,,,,,,,,,,,,,,,,,,,,
,,,,,,,,,,,,,,,,,,,,,,,,,,,,,,,,,,,,
,,,,,,,,,,,,,,,,,,,,,,,,,,,,,,,,,,,,
,,,,,,,,,,,,,,,,,,,,,,,,,,,,,,,,,,,,
,,,,,,,,,,,,,,,,,,,,,,,,,,,,,,,,,,,,
,,,,,,,,,,,,,,,,,,,,,,,,,,,,,,,,,,,,
,,,,,,,,,,,,,,,,,,,,,,,,,,,,,,,,,,,,
,,,,,,,,,,,,,,,,,,,,,,,,,,,,,,,,,,,,
,,,,,,,,,,,,,,,,,,,,,,,,,,,,,,,,,,,,
,,,,,,,,,,,,,,,,,,,,,,,,,,,,,,,,,,,,
,,,,,,,,,,,,,,,,,,,,,,,,,,,,,,,,,,,,
,,,,,,,,,,,,,,,,,,,,,,,,,,,,,,,,,,,,
,,,,,,,,,,,,,,,,,,,,,,,,,,,,,,,,,,,,
,,,,,,,,,,,,,,,,,,,,,,,,,,,,,,,,,,,,
,,,,,,,,,,,,,,,,,,,,,,,,,,,,,,,,,,,,
,,,,,,,,,,,,,,,,,,,,,,,,,,,,,,,,,,,,
,,,,,,,,,,,,,,,,,,,,,,,,,,,,,,,,,,,,
,,,,,,,,,,,,,,,,,,,,,,,,,,,,,,,,,,,,
,,,,,,,,,,,,,,,,,,,,,,,,,,,,,,,,,,,,
,,,,,,,,,,,,,,,,,,,,,,,,,,,,,,,,,,,,
,,,,,,,,,,,,,,,,,,,,,,,,,,,,,,,,,,,,
,,,,,,,,,,,,,,,,,,,,,,,,,,,,,,,,,,,,
,,,,,,,,,,,,,,,,,,,,,,,,,,,,,,,,,,,,
,,,,,,,,,,,,,,,,,,,,,,,,,,,,,,,,,,,,
,,,,,,,,,,,,,,,,,,,,,,,,,,,,,,,,,,,,
,,,,,,,,,,,,,,,,,,,,,,,,,,,,,,,,,,,,
,,,,,,,,,,,,,,,,,,,,,,,,,,,,,,,,,,,,
,,,,,,,,,,,,,,,,,,,,,,,,,,,,,,,,,,,,
,,,,,,,,,,,,,,,,,,,,,,,,,,,,,,,,,,,,
,,,,,,,,,,,,,,,,,,,,,,,,,,,,,,,,,,,,
,,,,,,,,,,,,,,,,,,,,,,,,,,,,,,,,,,,,
,,,,,,,,,,,,,,,,,,,,,,,,,,,,,,,,,,,,
,,,,,,,,,,,,,,,,,,,,,,,,,,,,,,,,,,,,
,,,,,,,,,,,,,,,,,,,,,,,,,,,,,,,,,,,,
,,,,,,,,,,,,,,,,,,,,,,,,,,,,,,,,,,,,
,,,,,,,,,,,,,,,,,,,,,,,,,,,,,,,,,,,,
,,,,,,,,,,,,,,,,,,,,,,,,,,,,,,,,,,,,
,,,,,,,,,,,,,,,,,,,,,,,,,,,,,,,,,,,,
,,,,,,,,,,,,,,,,,,,,,,,,,,,,,,,,,,,,
,,,,,,,,,,,,,,,,,,,,,,,,,,,,,,,,,,,,
,,,,,,,,,,,,,,,,,,,,,,,,,,,,,,,,,,,,
,,,,,,,,,,,,,,,,,,,,,,,,,,,,,,,,,,,,
,,,,,,,,,,,,,,,,,,,,,,,,,,,,,,,,,,,,
,,,,,,,,,,,,,,,,,,,,,,,,,,,,,,,,,,,,
,,,,,,,,,,,,,,,,,,,,,,,,,,,,,,,,,,,,
,,,,,,,,,,,,,,,,,,,,,,,,,,,,,,,,,,,,
,,,,,,,,,,,,,,,,,,,,,,,,,,,,,,,,,,,,
,,,,,,,,,,,,,,,,,,,,,,,,,,,,,,,,,,,,
,,,,,,,,,,,,,,,,,,,,,,,,,,,,,,,,,,,,
,,,,,,,,,,,,,,,,,,,,,,,,,,,,,,,,,,,,
,,,,,,,,,,,,,,,,,,,,,,,,,,,,,,,,,,,,
,,,,,,,,,,,,,,,,,,,,,,,,,,,,,,,,,,,,
,,,,,,,,,,,,,,,,,,,,,,,,,,,,,,,,,,,,
,,,,,,,,,,,,,,,,,,,,,,,,,,,,,,,,,,,,
,,,,,,,,,,,,,,,,,,,,,,,,,,,,,,,,,,,,
,,,,,,,,,,,,,,,,,,,,,,,,,,,,,,,,,,,,
,,,,,,,,,,,,,,,,,,,,,,,,,,,,,,,,,,,,
,,,,,,,,,,,,,,,,,,,,,,,,,,,,,,,,,,,,
,,,,,,,,,,,,,,,,,,,,,,,,,,,,,,,,,,,,
,,,,,,,,,,,,,,,,,,,,,,,,,,,,,,,,,,,,
,,,,,,,,,,,,,,,,,,,,,,,,,,,,,,,,,,,,
,,,,,,,,,,,,,,,,,,,,,,,,,,,,,,,,,,,,
,,,,,,,,,,,,,,,,,,,,,,,,,,,,,,,,,,,,
,,,,,,,,,,,,,,,,,,,,,,,,,,,,,,,,,,,,
,,,,,,,,,,,,,,,,,,,,,,,,,,,,,,,,,,,,
,,,,,,,,,,,,,,,,,,,,,,,,,,,,,,,,,,,,
,,,,,,,,,,,,,,,,,,,,,,,,,,,,,,,,,,,,
,,,,,,,,,,,,,,,,,,,,,,,,,,,,,,,,,,,,
,,,,,,,,,,,,,,,,,,,,,,,,,,,,,,,,,,,,
,,,,,,,,,,,,,,,,,,,,,,,,,,,,,,,,,,,,
,,,,,,,,,,,,,,,,,,,,,,,,,,,,,,,,,,,,
,,,,,,,,,,,,,,,,,,,,,,,,,,,,,,,,,,,,
,,,,,,,,,,,,,,,,,,,,,,,,,,,,,,,,,,,,
,,,,,,,,,,,,,,,,,,,,,,,,,,,,,,,,,,,,
,,,,,,,,,,,,,,,,,,,,,,,,,,,,,,,,,,,,
,,,,,,,,,,,,,,,,,,,,,,,,,,,,,,,,,,,,
,,,,,,,,,,,,,,,,,,,,,,,,,,,,,,,,,,,,
,,,,,,,,,,,,,,,,,,,,,,,,,,,,,,,,,,,,
,,,,,,,,,,,,,,,,,,,,,,,,,,,,,,,,,,,,
,,,,,,,,,,,,,,,,,,,,,,,,,,,,,,,,,,,,
,,,,,,,,,,,,,,,,,,,,,,,,,,,,,,,,,,,,
,,,,,,,,,,,,,,,,,,,,,,,,,,,,,,,,,,,,
,,,,,,,,,,,,,,,,,,,,,,,,,,,,,,,,,,,,
,,,,,,,,,,,,,,,,,,,,,,,,,,,,,,,,,,,,
,,,,,,,,,,,,,,,,,,,,,,,,,,,,,,,,,,,,
,,,,,,,,,,,,,,,,,,,,,,,,,,,,,,,,,,,,
,,,,,,,,,,,,,,,,,,,,,,,,,,,,,,,,,,,,
,,,,,,,,,,,,,,,,,,,,,,,,,,,,,,,,,,,,
,,,,,,,,,,,,,,,,,,,,,,,,,,,,,,,,,,,,
,,,,,,,,,,,,,,,,,,,,,,,,,,,,,,,,,,,,
,,,,,,,,,,,,,,,,,,,,,,,,,,,,,,,,,,,,
,,,,,,,,,,,,,,,,,,,,,,,,,,,,,,,,,,,,
,,,,,,,,,,,,,,,,,,,,,,,,,,,,,,,,,,,,
,,,,,,,,,,,,,,,,,,,,,,,,,,,,,,,,,,,,
,,,,,,,,,,,,,,,,,,,,,,,,,,,,,,,,,,,,
,,,,,,,,,,,,,,,,,,,,,,,,,,,,,,,,,,,,
,,,,,,,,,,,,,,,,,,,,,,,,,,,,,,,,,,,,
,,,,,,,,,,,,,,,,,,,,,,,,,,,,,,,,,,,,
,,,,,,,,,,,,,,,,,,,,,,,,,,,,,,,,,,,,
,,,,,,,,,,,,,,,,,,,,,,,,,,,,,,,,,,,,
,,,,,,,,,,,,,,,,,,,,,,,,,,,,,,,,,,,,
,,,,,,,,,,,,,,,,,,,,,,,,,,,,,,,,,,,,
,,,,,,,,,,,,,,,,,,,,,,,,,,,,,,,,,,,,
,,,,,,,,,,,,,,,,,,,,,,,,,,,,,,,,,,,,
,,,,,,,,,,,,,,,,,,,,,,,,,,,,,,,,,,,,
,,,,,,,,,,,,,,,,,,,,,,,,,,,,,,,,,,,,
,,,,,,,,,,,,,,,,,,,,,,,,,,,,,,,,,,,,
,,,,,,,,,,,,,,,,,,,,,,,,,,,,,,,,,,,,
,,,,,,,,,,,,,,,,,,,,,,,,,,,,,,,,,,,,
,,,,,,,,,,,,,,,,,,,,,,,,,,,,,,,,,,,,
,,,,,,,,,,,,,,,,,,,,,,,,,,,,,,,,,,,,
,,,,,,,,,,,,,,,,,,,,,,,,,,,,,,,,,,,,
,,,,,,,,,,,,,,,,,,,,,,,,,,,,,,,,,,,,
,,,,,,,,,,,,,,,,,,,,,,,,,,,,,,,,,,,,
,,,,,,,,,,,,,,,,,,,,,,,,,,,,,,,,,,,,
,,,,,,,,,,,,,,,,,,,,,,,,,,,,,,,,,,,,
,,,,,,,,,,,,,,,,,,,,,,,,,,,,,,,,,,,,
,,,,,,,,,,,,,,,,,,,,,,,,,,,,,,,,,,,,
,,,,,,,,,,,,,,,,,,,,,,,,,,,,,,,,,,,,
,,,,,,,,,,,,,,,,,,,,,,,,,,,,,,,,,,,,
,,,,,,,,,,,,,,,,,,,,,,,,,,,,,,,,,,,,
,,,,,,,,,,,,,,,,,,,,,,,,,,,,,,,,,,,,
,,,,,,,,,,,,,,,,,,,,,,,,,,,,,,,,,,,,
,,,,,,,,,,,,,,,,,,,,,,,,,,,,,,,,,,,,
,,,,,,,,,,,,,,,,,,,,,,,,,,,,,,,,,,,,
,,,,,,,,,,,,,,,,,,,,,,,,,,,,,,,,,,,,
,,,,,,,,,,,,,,,,,,,,,,,,,,,,,,,,,,,,
,,,,,,,,,,,,,,,,,,,,,,,,,,,,,,,,,,,,
,,,,,,,,,,,,,,,,,,,,,,,,,,,,,,,,,,,,
,,,,,,,,,,,,,,,,,,,,,,,,,,,,,,,,,,,,
,,,,,,,,,,,,,,,,,,,,,,,,,,,,,,,,,,,,
,,,,,,,,,,,,,,,,,,,,,,,,,,,,,,,,,,,,
,,,,,,,,,,,,,,,,,,,,,,,,,,,,,,,,,,,,
,,,,,,,,,,,,,,,,,,,,,,,,,,,,,,,,,,,,
,,,,,,,,,,,,,,,,,,,,,,,,,,,,,,,,,,,,
,,,,,,,,,,,,,,,,,,,,,,,,,,,,,,,,,,,,
,,,,,,,,,,,,,,,,,,,,,,,,,,,,,,,,,,,,
,,,,,,,,,,,,,,,,,,,,,,,,,,,,,,,,,,,,
,,,,,,,,,,,,,,,,,,,,,,,,,,,,,,,,,,,,
,,,,,,,,,,,,,,,,,,,,,,,,,,,,,,,,,,,,
,,,,,,,,,,,,,,,,,,,,,,,,,,,,,,,,,,,,
,,,,,,,,,,,,,,,,,,,,,,,,,,,,,,,,,,,,
,,,,,,,,,,,,,,,,,,,,,,,,,,,,,,,,,,,,
,,,,,,,,,,,,,,,,,,,,,,,,,,,,,,,,,,,,
,,,,,,,,,,,,,,,,,,,,,,,,,,,,,,,,,,,,
,,,,,,,,,,,,,,,,,,,,,,,,,,,,,,,,,,,,
,,,,,,,,,,,,,,,,,,,,,,,,,,,,,,,,,,,,
,,,,,,,,,,,,,,,,,,,,,,,,,,,,,,,,,,,,
,,,,,,,,,,,,,,,,,,,,,,,,,,,,,,,,,,,,
,,,,,,,,,,,,,,,,,,,,,,,,,,,,,,,,,,,,
,,,,,,,,,,,,,,,,,,,,,,,,,,,,,,,,,,,,
,,,,,,,,,,,,,,,,,,,,,,,,,,,,,,,,,,,,
,,,,,,,,,,,,,,,,,,,,,,,,,,,,,,,,,,,,
,,,,,,,,,,,,,,,,,,,,,,,,,,,,,,,,,,,,
,,,,,,,,,,,,,,,,,,,,,,,,,,,,,,,,,,,,
,,,,,,,,,,,,,,,,,,,,,,,,,,,,,,,,,,,,
,,,,,,,,,,,,,,,,,,,,,,,,,,,,,,,,,,,,
,,,,,,,,,,,,,,,,,,,,,,,,,,,,,,,,,,,,
,,,,,,,,,,,,,,,,,,,,,,,,,,,,,,,,,,,,
,,,,,,,,,,,,,,,,,,,,,,,,,,,,,,,,,,,,
,,,,,,,,,,,,,,,,,,,,,,,,,,,,,,,,,,,,
,,,,,,,,,,,,,,,,,,,,,,,,,,,,,,,,,,,,
,,,,,,,,,,,,,,,,,,,,,,,,,,,,,,,,,,,,
,,,,,,,,,,,,,,,,,,,,,,,,,,,,,,,,,,,,
,,,,,,,,,,,,,,,,,,,,,,,,,,,,,,,,,,,,
,,,,,,,,,,,,,,,,,,,,,,,,,,,,,,,,,,,,
,,,,,,,,,,,,,,,,,,,,,,,,,,,,,,,,,,,,
,,,,,,,,,,,,,,,,,,,,,,,,,,,,,,,,,,,,
,,,,,,,,,,,,,,,,,,,,,,,,,,,,,,,,,,,,
,,,,,,,,,,,,,,,,,,,,,,,,,,,,,,,,,,,,
,,,,,,,,,,,,,,,,,,,,,,,,,,,,,,,,,,,,
,,,,,,,,,,,,,,,,,,,,,,,,,,,,,,,,,,,,
,,,,,,,,,,,,,,,,,,,,,,,,,,,,,,,,,,,,
,,,,,,,,,,,,,,,,,,,,,,,,,,,,,,,,,,,,
,,,,,,,,,,,,,,,,,,,,,,,,,,,,,,,,,,,,
,,,,,,,,,,,,,,,,,,,,,,,,,,,,,,,,,,,,
,,,,,,,,,,,,,,,,,,,,,,,,,,,,,,,,,,,,
,,,,,,,,,,,,,,,,,,,,,,,,,,,,,,,,,,,,
,,,,,,,,,,,,,,,,,,,,,,,,,,,,,,,,,,,,
,,,,,,,,,,,,,,,,,,,,,,,,,,,,,,,,,,,,
,,,,,,,,,,,,,,,,,,,,,,,,,,,,,,,,,,,,
,,,,,,,,,,,,,,,,,,,,,,,,,,,,,,,,,,,,
,,,,,,,,,,,,,,,,,,,,,,,,,,,,,,,,,,,,
,,,,,,,,,,,,,,,,,,,,,,,,,,,,,,,,,,,,
,,,,,,,,,,,,,,,,,,,,,,,,,,,,,,,,,,,,
,,,,,,,,,,,,,,,,,,,,,,,,,,,,,,,,,,,,
,,,,,,,,,,,,,,,,,,,,,,,,,,,,,,,,,,,,
,,,,,,,,,,,,,,,,,,,,,,,,,,,,,,,,,,,,
,,,,,,,,,,,,,,,,,,,,,,,,,,,,,,,,,,,,
,,,,,,,,,,,,,,,,,,,,,,,,,,,,,,,,,,,,
,,,,,,,,,,,,,,,,,,,,,,,,,,,,,,,,,,,,
,,,,,,,,,,,,,,,,,,,,,,,,,,,,,,,,,,,,
,,,,,,,,,,,,,,,,,,,,,,,,,,,,,,,,,,,,
,,,,,,,,,,,,,,,,,,,,,,,,,,,,,,,,,,,,
,,,,,,,,,,,,,,,,,,,,,,,,,,,,,,,,,,,,
,,,,,,,,,,,,,,,,,,,,,,,,,,,,,,,,,,,,
,,,,,,,,,,,,,,,,,,,,,,,,,,,,,,,,,,,,
,,,,,,,,,,,,,,,,,,,,,,,,,,,,,,,,,,,,
,,,,,,,,,,,,,,,,,,,,,,,,,,,,,,,,,,,,
,,,,,,,,,,,,,,,,,,,,,,,,,,,,,,,,,,,,
,,,,,,,,,,,,,,,,,,,,,,,,,,,,,,,,,,,,
,,,,,,,,,,,,,,,,,,,,,,,,,,,,,,,,,,,,
,,,,,,,,,,,,,,,,,,,,,,,,,,,,,,,,,,,,
,,,,,,,,,,,,,,,,,,,,,,,,,,,,,,,,,,,,
,,,,,,,,,,,,,,,,,,,,,,,,,,,,,,,,,,,,
,,,,,,,,,,,,,,,,,,,,,,,,,,,,,,,,,,,,
,,,,,,,,,,,,,,,,,,,,,,,,,,,,,,,,,,,,
,,,,,,,,,,,,,,,,,,,,,,,,,,,,,,,,,,,,
,,,,,,,,,,,,,,,,,,,,,,,,,,,,,,,,,,,,
,,,,,,,,,,,,,,,,,,,,,,,,,,,,,,,,,,,,
,,,,,,,,,,,,,,,,,,,,,,,,,,,,,,,,,,,,
,,,,,,,,,,,,,,,,,,,,,,,,,,,,,,,,,,,,
,,,,,,,,,,,,,,,,,,,,,,,,,,,,,,,,,,,,
,,,,,,,,,,,,,,,,,,,,,,,,,,,,,,,,,,,,
,,,,,,,,,,,,,,,,,,,,,,,,,,,,,,,,,,,,
,,,,,,,,,,,,,,,,,,,,,,,,,,,,,,,,,,,,
,,,,,,,,,,,,,,,,,,,,,,,,,,,,,,,,,,,,
,,,,,,,,,,,,,,,,,,,,,,,,,,,,,,,,,,,,
,,,,,,,,,,,,,,,,,,,,,,,,,,,,,,,,,,,,
,,,,,,,,,,,,,,,,,,,,,,,,,,,,,,,,,,,,
,,,,,,,,,,,,,,,,,,,,,,,,,,,,,,,,,,,,
,,,,,,,,,,,,,,,,,,,,,,,,,,,,,,,,,,,,
,,,,,,,,,,,,,,,,,,,,,,,,,,,,,,,,,,,,
,,,,,,,,,,,,,,,,,,,,,,,,,,,,,,,,,,,,
,,,,,,,,,,,,,,,,,,,,,,,,,,,,,,,,,,,,
,,,,,,,,,,,,,,,,,,,,,,,,,,,,,,,,,,,,
,,,,,,,,,,,,,,,,,,,,,,,,,,,,,,,,,,,,
,,,,,,,,,,,,,,,,,,,,,,,,,,,,,,,,,,,,
,,,,,,,,,,,,,,,,,,,,,,,,,,,,,,,,,,,,
,,,,,,,,,,,,,,,,,,,,,,,,,,,,,,,,,,,,
,,,,,,,,,,,,,,,,,,,,,,,,,,,,,,,,,,,,
,,,,,,,,,,,,,,,,,,,,,,,,,,,,,,,,,,,,
,,,,,,,,,,,,,,,,,,,,,,,,,,,,,,,,,,,,
,,,,,,,,,,,,,,,,,,,,,,,,,,,,,,,,,,,,
,,,,,,,,,,,,,,,,,,,,,,,,,,,,,,,,,,,,
,,,,,,,,,,,,,,,,,,,,,,,,,,,,,,,,,,,,
,,,,,,,,,,,,,,,,,,,,,,,,,,,,,,,,,,,,
,,,,,,,,,,,,,,,,,,,,,,,,,,,,,,,,,,,,
,,,,,,,,,,,,,,,,,,,,,,,,,,,,,,,,,,,,
,,,,,,,,,,,,,,,,,,,,,,,,,,,,,,,,,,,,
,,,,,,,,,,,,,,,,,,,,,,,,,,,,,,,,,,,,
,,,,,,,,,,,,,,,,,,,,,,,,,,,,,,,,,,,,
,,,,,,,,,,,,,,,,,,,,,,,,,,,,,,,,,,,,
,,,,,,,,,,,,,,,,,,,,,,,,,,,,,,,,,,,,
,,,,,,,,,,,,,,,,,,,,,,,,,,,,,,,,,,,,
,,,,,,,,,,,,,,,,,,,,,,,,,,,,,,,,,,,,
,,,,,,,,,,,,,,,,,,,,,,,,,,,,,,,,,,,,
,,,,,,,,,,,,,,,,,,,,,,,,,,,,,,,,,,,,
,,,,,,,,,,,,,,,,,,,,,,,,,,,,,,,,,,,,
,,,,,,,,,,,,,,,,,,,,,,,,,,,,,,,,,,,,
,,,,,,,,,,,,,,,,,,,,,,,,,,,,,,,,,,,,
,,,,,,,,,,,,,,,,,,,,,,,,,,,,,,,,,,,,
,,,,,,,,,,,,,,,,,,,,,,,,,,,,,,,,,,,,
,,,,,,,,,,,,,,,,,,,,,,,,,,,,,,,,,,,,
,,,,,,,,,,,,,,,,,,,,,,,,,,,,,,,,,,,,
,,,,,,,,,,,,,,,,,,,,,,,,,,,,,,,,,,,,
,,,,,,,,,,,,,,,,,,,,,,,,,,,,,,,,,,,,
,,,,,,,,,,,,,,,,,,,,,,,,,,,,,,,,,,,,
,,,,,,,,,,,,,,,,,,,,,,,,,,,,,,,,,,,,
,,,,,,,,,,,,,,,,,,,,,,,,,,,,,,,,,,,,
,,,,,,,,,,,,,,,,,,,,,,,,,,,,,,,,,,,,
,,,,,,,,,,,,,,,,,,,,,,,,,,,,,,,,,,,,
,,,,,,,,,,,,,,,,,,,,,,,,,,,,,,,,,,,,
,,,,,,,,,,,,,,,,,,,,,,,,,,,,,,,,,,,,
,,,,,,,,,,,,,,,,,,,,,,,,,,,,,,,,,,,,
,,,,,,,,,,,,,,,,,,,,,,,,,,,,,,,,,,,,
,,,,,,,,,,,,,,,,,,,,,,,,,,,,,,,,,,,,
,,,,,,,,,,,,,,,,,,,,,,,,,,,,,,,,,,,,
,,,,,,,,,,,,,,,,,,,,,,,,,,,,,,,,,,,,
,,,,,,,,,,,,,,,,,,,,,,,,,,,,,,,,,,,,
,,,,,,,,,,,,,,,,,,,,,,,,,,,,,,,,,,,,
,,,,,,,,,,,,,,,,,,,,,,,,,,,,,,,,,,,,
,,,,,,,,,,,,,,,,,,,,,,,,,,,,,,,,,,,,
,,,,,,,,,,,,,,,,,,,,,,,,,,,,,,,,,,,,
,,,,,,,,,,,,,,,,,,,,,,,,,,,,,,,,,,,,
,,,,,,,,,,,,,,,,,,,,,,,,,,,,,,,,,,,,
,,,,,,,,,,,,,,,,,,,,,,,,,,,,,,,,,,,,
,,,,,,,,,,,,,,,,,,,,,,,,,,,,,,,,,,,,
,,,,,,,,,,,,,,,,,,,,,,,,,,,,,,,,,,,,
,,,,,,,,,,,,,,,,,,,,,,,,,,,,,,,,,,,,
,,,,,,,,,,,,,,,,,,,,,,,,,,,,,,,,,,,,
,,,,,,,,,,,,,,,,,,,,,,,,,,,,,,,,,,,,
,,,,,,,,,,,,,,,,,,,,,,,,,,,,,,,,,,,,
,,,,,,,,,,,,,,,,,,,,,,,,,,,,,,,,,,,,
,,,,,,,,,,,,,,,,,,,,,,,,,,,,,,,,,,,,
,,,,,,,,,,,,,,,,,,,,,,,,,,,,,,,,,,,,
,,,,,,,,,,,,,,,,,,,,,,,,,,,,,,,,,,,,
,,,,,,,,,,,,,,,,,,,,,,,,,,,,,,,,,,,,
,,,,,,,,,,,,,,,,,,,,,,,,,,,,,,,,,,,,
,,,,,,,,,,,,,,,,,,,,,,,,,,,,,,,,,,,,
,,,,,,,,,,,,,,,,,,,,,,,,,,,,,,,,,,,,
,,,,,,,,,,,,,,,,,,,,,,,,,,,,,,,,,,,,
,,,,,,,,,,,,,,,,,,,,,,,,,,,,,,,,,,,,
,,,,,,,,,,,,,,,,,,,,,,,,,,,,,,,,,,,,
,,,,,,,,,,,,,,,,,,,,,,,,,,,,,,,,,,,,
,,,,,,,,,,,,,,,,,,,,,,,,,,,,,,,,,,,,
,,,,,,,,,,,,,,,,,,,,,,,,,,,,,,,,,,,,
,,,,,,,,,,,,,,,,,,,,,,,,,,,,,,,,,,,,
,,,,,,,,,,,,,,,,,,,,,,,,,,,,,,,,,,,,
,,,,,,,,,,,,,,,,,,,,,,,,,,,,,,,,,,,,
,,,,,,,,,,,,,,,,,,,,,,,,,,,,,,,,,,,,
,,,,,,,,,,,,,,,,,,,,,,,,,,,,,,,,,,,,
,,,,,,,,,,,,,,,,,,,,,,,,,,,,,,,,,,,,
,,,,,,,,,,,,,,,,,,,,,,,,,,,,,,,,,,,,
,,,,,,,,,,,,,,,,,,,,,,,,,,,,,,,,,,,,
,,,,,,,,,,,,,,,,,,,,,,,,,,,,,,,,,,,,
,,,,,,,,,,,,,,,,,,,,,,,,,,,,,,,,,,,,
,,,,,,,,,,,,,,,,,,,,,,,,,,,,,,,,,,,,
,,,,,,,,,,,,,,,,,,,,,,,,,,,,,,,,,,,,
,,,,,,,,,,,,,,,,,,,,,,,,,,,,,,,,,,,,
,,,,,,,,,,,,,,,,,,,,,,,,,,,,,,,,,,,,
,,,,,,,,,,,,,,,,,,,,,,,,,,,,,,,,,,,,
,,,,,,,,,,,,,,,,,,,,,,,,,,,,,,,,,,,,
,,,,,,,,,,,,,,,,,,,,,,,,,,,,,,,,,,,,
,,,,,,,,,,,,,,,,,,,,,,,,,,,,,,,,,,,,
,,,,,,,,,,,,,,,,,,,,,,,,,,,,,,,,,,,,
,,,,,,,,,,,,,,,,,,,,,,,,,,,,,,,,,,,,
,,,,,,,,,,,,,,,,,,,,,,,,,,,,,,,,,,,,
,,,,,,,,,,,,,,,,,,,,,,,,,,,,,,,,,,,,
,,,,,,,,,,,,,,,,,,,,,,,,,,,,,,,,,,,,
,,,,,,,,,,,,,,,,,,,,,,,,,,,,,,,,,,,,
,,,,,,,,,,,,,,,,,,,,,,,,,,,,,,,,,,,,
,,,,,,,,,,,,,,,,,,,,,,,,,,,,,,,,,,,,
,,,,,,,,,,,,,,,,,,,,,,,,,,,,,,,,,,,,
,,,,,,,,,,,,,,,,,,,,,,,,,,,,,,,,,,,,
,,,,,,,,,,,,,,,,,,,,,,,,,,,,,,,,,,,,
,,,,,,,,,,,,,,,,,,,,,,,,,,,,,,,,,,,,
,,,,,,,,,,,,,,,,,,,,,,,,,,,,,,,,,,,,
,,,,,,,,,,,,,,,,,,,,,,,,,,,,,,,,,,,,
,,,,,,,,,,,,,,,,,,,,,,,,,,,,,,,,,,,,
,,,,,,,,,,,,,,,,,,,,,,,,,,,,,,,,,,,,
,,,,,,,,,,,,,,,,,,,,,,,,,,,,,,,,,,,,
,,,,,,,,,,,,,,,,,,,,,,,,,,,,,,,,,,,,
,,,,,,,,,,,,,,,,,,,,,,,,,,,,,,,,,,,,
,,,,,,,,,,,,,,,,,,,,,,,,,,,,,,,,,,,,
,,,,,,,,,,,,,,,,,,,,,,,,,,,,,,,,,,,,
,,,,,,,,,,,,,,,,,,,,,,,,,,,,,,,,,,,,
,,,,,,,,,,,,,,,,,,,,,,,,,,,,,,,,,,,,
,,,,,,,,,,,,,,,,,,,,,,,,,,,,,,,,,,,,
,,,,,,,,,,,,,,,,,,,,,,,,,,,,,,,,,,,,
,,,,,,,,,,,,,,,,,,,,,,,,,,,,,,,,,,,,
,,,,,,,,,,,,,,,,,,,,,,,,,,,,,,,,,,,,
,,,,,,,,,,,,,,,,,,,,,,,,,,,,,,,,,,,,
,,,,,,,,,,,,,,,,,,,,,,,,,,,,,,,,,,,,
,,,,,,,,,,,,,,,,,,,,,,,,,,,,,,,,,,,,
,,,,,,,,,,,,,,,,,,,,,,,,,,,,,,,,,,,,
,,,,,,,,,,,,,,,,,,,,,,,,,,,,,,,,,,,,
,,,,,,,,,,,,,,,,,,,,,,,,,,,,,,,,,,,,
,,,,,,,,,,,,,,,,,,,,,,,,,,,,,,,,,,,,
,,,,,,,,,,,,,,,,,,,,,,,,,,,,,,,,,,,,
,,,,,,,,,,,,,,,,,,,,,,,,,,,,,,,,,,,,
,,,,,,,,,,,,,,,,,,,,,,,,,,,,,,,,,,,,
,,,,,,,,,,,,,,,,,,,,,,,,,,,,,,,,,,,,
,,,,,,,,,,,,,,,,,,,,,,,,,,,,,,,,,,,,
,,,,,,,,,,,,,,,,,,,,,,,,,,,,,,,,,,,,
,,,,,,,,,,,,,,,,,,,,,,,,,,,,,,,,,,,,
,,,,,,,,,,,,,,,,,,,,,,,,,,,,,,,,,,,,
,,,,,,,,,,,,,,,,,,,,,,,,,,,,,,,,,,,,
,,,,,,,,,,,,,,,,,,,,,,,,,,,,,,,,,,,,
,,,,,,,,,,,,,,,,,,,,,,,,,,,,,,,,,,,,
,,,,,,,,,,,,,,,,,,,,,,,,,,,,,,,,,,,,
,,,,,,,,,,,,,,,,,,,,,,,,,,,,,,,,,,,,
,,,,,,,,,,,,,,,,,,,,,,,,,,,,,,,,,,,,
,,,,,,,,,,,,,,,,,,,,,,,,,,,,,,,,,,,,
,,,,,,,,,,,,,,,,,,,,,,,,,,,,,,,,,,,,
,,,,,,,,,,,,,,,,,,,,,,,,,,,,,,,,,,,,
,,,,,,,,,,,,,,,,,,,,,,,,,,,,,,,,,,,,
,,,,,,,,,,,,,,,,,,,,,,,,,,,,,,,,,,,,
,,,,,,,,,,,,,,,,,,,,,,,,,,,,,,,,,,,,
,,,,,,,,,,,,,,,,,,,,,,,,,,,,,,,,,,,,
,,,,,,,,,,,,,,,,,,,,,,,,,,,,,,,,,,,,
,,,,,,,,,,,,,,,,,,,,,,,,,,,,,,,,,,,,
,,,,,,,,,,,,,,,,,,,,,,,,,,,,,,,,,,,,
,,,,,,,,,,,,,,,,,,,,,,,,,,,,,,,,,,,,
,,,,,,,,,,,,,,,,,,,,,,,,,,,,,,,,,,,,
,,,,,,,,,,,,,,,,,,,,,,,,,,,,,,,,,,,,
,,,,,,,,,,,,,,,,,,,,,,,,,,,,,,,,,,,,
,,,,,,,,,,,,,,,,,,,,,,,,,,,,,,,,,,,,
,,,,,,,,,,,,,,,,,,,,,,,,,,,,,,,,,,,,
,,,,,,,,,,,,,,,,,,,,,,,,,,,,,,,,,,,,
,,,,,,,,,,,,,,,,,,,,,,,,,,,,,,,,,,,,
,,,,,,,,,,,,,,,,,,,,,,,,,,,,,,,,,,,,
,,,,,,,,,,,,,,,,,,,,,,,,,,,,,,,,,,,,
,,,,,,,,,,,,,,,,,,,,,,,,,,,,,,,,,,,,
,,,,,,,,,,,,,,,,,,,,,,,,,,,,,,,,,,,,
,,,,,,,,,,,,,,,,,,,,,,,,,,,,,,,,,,,,
,,,,,,,,,,,,,,,,,,,,,,,,,,,,,,,,,,,,
,,,,,,,,,,,,,,,,,,,,,,,,,,,,,,,,,,,,
,,,,,,,,,,,,,,,,,,,,,,,,,,,,,,,,,,,,
,,,,,,,,,,,,,,,,,,,,,,,,,,,,,,,,,,,,
,,,,,,,,,,,,,,,,,,,,,,,,,,,,,,,,,,,,
,,,,,,,,,,,,,,,,,,,,,,,,,,,,,,,,,,,,
,,,,,,,,,,,,,,,,,,,,,,,,,,,,,,,,,,,,
,,,,,,,,,,,,,,,,,,,,,,,,,,,,,,,,,,,,
,,,,,,,,,,,,,,,,,,,,,,,,,,,,,,,,,,,,
,,,,,,,,,,,,,,,,,,,,,,,,,,,,,,,,,,,,
,,,,,,,,,,,,,,,,,,,,,,,,,,,,,,,,,,,,
,,,,,,,,,,,,,,,,,,,,,,,,,,,,,,,,,,,,
,,,,,,,,,,,,,,,,,,,,,,,,,,,,,,,,,,,,
,,,,,,,,,,,,,,,,,,,,,,,,,,,,,,,,,,,,
,,,,,,,,,,,,,,,,,,,,,,,,,,,,,,,,,,,,
,,,,,,,,,,,,,,,,,,,,,,,,,,,,,,,,,,,,
,,,,,,,,,,,,,,,,,,,,,,,,,,,,,,,,,,,,
,,,,,,,,,,,,,,,,,,,,,,,,,,,,,,,,,,,,
,,,,,,,,,,,,,,,,,,,,,,,,,,,,,,,,,,,,
,,,,,,,,,,,,,,,,,,,,,,,,,,,,,,,,,,,,
,,,,,,,,,,,,,,,,,,,,,,,,,,,,,,,,,,,,
,,,,,,,,,,,,,,,,,,,,,,,,,,,,,,,,,,,,
,,,,,,,,,,,,,,,,,,,,,,,,,,,,,,,,,,,,
,,,,,,,,,,,,,,,,,,,,,,,,,,,,,,,,,,,,
,,,,,,,,,,,,,,,,,,,,,,,,,,,,,,,,,,,,
,,,,,,,,,,,,,,,,,,,,,,,,,,,,,,,,,,,,
,,,,,,,,,,,,,,,,,,,,,,,,,,,,,,,,,,,,
,,,,,,,,,,,,,,,,,,,,,,,,,,,,,,,,,,,,
,,,,,,,,,,,,,,,,,,,,,,,,,,,,,,,,,,,,
,,,,,,,,,,,,,,,,,,,,,,,,,,,,,,,,,,,,
,,,,,,,,,,,,,,,,,,,,,,,,,,,,,,,,,,,,
,,,,,,,,,,,,,,,,,,,,,,,,,,,,,,,,,,,,
,,,,,,,,,,,,,,,,,,,,,,,,,,,,,,,,,,,,
,,,,,,,,,,,,,,,,,,,,,,,,,,,,,,,,,,,,
,,,,,,,,,,,,,,,,,,,,,,,,,,,,,,,,,,,,
,,,,,,,,,,,,,,,,,,,,,,,,,,,,,,,,,,,,
,,,,,,,,,,,,,,,,,,,,,,,,,,,,,,,,,,,,
,,,,,,,,,,,,,,,,,,,,,,,,,,,,,,,,,,,,
,,,,,,,,,,,,,,,,,,,,,,,,,,,,,,,,,,,,
,,,,,,,,,,,,,,,,,,,,,,,,,,,,,,,,,,,,
,,,,,,,,,,,,,,,,,,,,,,,,,,,,,,,,,,,,
,,,,,,,,,,,,,,,,,,,,,,,,,,,,,,,,,,,,
,,,,,,,,,,,,,,,,,,,,,,,,,,,,,,,,,,,,
,,,,,,,,,,,,,,,,,,,,,,,,,,,,,,,,,,,,
,,,,,,,,,,,,,,,,,,,,,,,,,,,,,,,,,,,,
,,,,,,,,,,,,,,,,,,,,,,,,,,,,,,,,,,,,
,,,,,,,,,,,,,,,,,,,,,,,,,,,,,,,,,,,,
,,,,,,,,,,,,,,,,,,,,,,,,,,,,,,,,,,,,
,,,,,,,,,,,,,,,,,,,,,,,,,,,,,,,,,,,,
,,,,,,,,,,,,,,,,,,,,,,,,,,,,,,,,,,,,
,,,,,,,,,,,,,,,,,,,,,,,,,,,,,,,,,,,,
,,,,,,,,,,,,,,,,,,,,,,,,,,,,,,,,,,,,
,,,,,,,,,,,,,,,,,,,,,,,,,,,,,,,,,,,,
,,,,,,,,,,,,,,,,,,,,,,,,,,,,,,,,,,,,
,,,,,,,,,,,,,,,,,,,,,,,,,,,,,,,,,,,,
,,,,,,,,,,,,,,,,,,,,,,,,,,,,,,,,,,,,
,,,,,,,,,,,,,,,,,,,,,,,,,,,,,,,,,,,,
,,,,,,,,,,,,,,,,,,,,,,,,,,,,,,,,,,,,
,,,,,,,,,,,,,,,,,,,,,,,,,,,,,,,,,,,,
,,,,,,,,,,,,,,,,,,,,,,,,,,,,,,,,,,,,
,,,,,,,,,,,,,,,,,,,,,,,,,,,,,,,,,,,,
,,,,,,,,,,,,,,,,,,,,,,,,,,,,,,,,,,,,
,,,,,,,,,,,,,,,,,,,,,,,,,,,,,,,,,,,,
,,,,,,,,,,,,,,,,,,,,,,,,,,,,,,,,,,,,
,,,,,,,,,,,,,,,,,,,,,,,,,,,,,,,,,,,,
,,,,,,,,,,,,,,,,,,,,,,,,,,,,,,,,,,,,
,,,,,,,,,,,,,,,,,,,,,,,,,,,,,,,,,,,,
,,,,,,,,,,,,,,,,,,,,,,,,,,,,,,,,,,,,
,,,,,,,,,,,,,,,,,,,,,,,,,,,,,,,,,,,,
,,,,,,,,,,,,,,,,,,,,,,,,,,,,,,,,,,,,
,,,,,,,,,,,,,,,,,,,,,,,,,,,,,,,,,,,,
,,,,,,,,,,,,,,,,,,,,,,,,,,,,,,,,,,,,
,,,,,,,,,,,,,,,,,,,,,,,,,,,,,,,,,,,,
,,,,,,,,,,,,,,,,,,,,,,,,,,,,,,,,,,,,
,,,,,,,,,,,,,,,,,,,,,,,,,,,,,,,,,,,,
,,,,,,,,,,,,,,,,,,,,,,,,,,,,,,,,,,,,
,,,,,,,,,,,,,,,,,,,,,,,,,,,,,,,,,,,,
,,,,,,,,,,,,,,,,,,,,,,,,,,,,,,,,,,,,
,,,,,,,,,,,,,,,,,,,,,,,,,,,,,,,,,,,,
,,,,,,,,,,,,,,,,,,,,,,,,,,,,,,,,,,,,
,,,,,,,,,,,,,,,,,,,,,,,,,,,,,,,,,,,,
,,,,,,,,,,,,,,,,,,,,,,,,,,,,,,,,,,,,
,,,,,,,,,,,,,,,,,,,,,,,,,,,,,,,,,,,,
,,,,,,,,,,,,,,,,,,,,,,,,,,,,,,,,,,,,
,,,,,,,,,,,,,,,,,,,,,,,,,,,,,,,,,,,,
,,,,,,,,,,,,,,,,,,,,,,,,,,,,,,,,,,,,
,,,,,,,,,,,,,,,,,,,,,,,,,,,,,,,,,,,,
,,,,,,,,,,,,,,,,,,,,,,,,,,,,,,,,,,,,
,,,,,,,,,,,,,,,,,,,,,,,,,,,,,,,,,,,,
,,,,,,,,,,,,,,,,,,,,,,,,,,,,,,,,,,,,
,,,,,,,,,,,,,,,,,,,,,,,,,,,,,,,,,,,,
,,,,,,,,,,,,,,,,,,,,,,,,,,,,,,,,,,,,
,,,,,,,,,,,,,,,,,,,,,,,,,,,,,,,,,,,,
,,,,,,,,,,,,,,,,,,,,,,,,,,,,,,,,,,,,
,,,,,,,,,,,,,,,,,,,,,,,,,,,,,,,,,,,,
,,,,,,,,,,,,,,,,,,,,,,,,,,,,,,,,,,,,
,,,,,,,,,,,,,,,,,,,,,,,,,,,,,,,,,,,,
,,,,,,,,,,,,,,,,,,,,,,,,,,,,,,,,,,,,
,,,,,,,,,,,,,,,,,,,,,,,,,,,,,,,,,,,,
,,,,,,,,,,,,,,,,,,,,,,,,,,,,,,,,,,,,
,,,,,,,,,,,,,,,,,,,,,,,,,,,,,,,,,,,,
,,,,,,,,,,,,,,,,,,,,,,,,,,,,,,,,,,,,
,,,,,,,,,,,,,,,,,,,,,,,,,,,,,,,,,,,,
,,,,,,,,,,,,,,,,,,,,,,,,,,,,,,,,,,,,
,,,,,,,,,,,,,,,,,,,,,,,,,,,,,,,,,,,,
,,,,,,,,,,,,,,,,,,,,,,,,,,,,,,,,,,,,
,,,,,,,,,,,,,,,,,,,,,,,,,,,,,,,,,,,,
,,,,,,,,,,,,,,,,,,,,,,,,,,,,,,,,,,,,
,,,,,,,,,,,,,,,,,,,,,,,,,,,,,,,,,,,,
,,,,,,,,,,,,,,,,,,,,,,,,,,,,,,,,,,,,
,,,,,,,,,,,,,,,,,,,,,,,,,,,,,,,,,,,,
,,,,,,,,,,,,,,,,,,,,,,,,,,,,,,,,,,,,
,,,,,,,,,,,,,,,,,,,,,,,,,,,,,,,,,,,,
,,,,,,,,,,,,,,,,,,,,,,,,,,,,,,,,,,,,
,,,,,,,,,,,,,,,,,,,,,,,,,,,,,,,,,,,,
,,,,,,,,,,,,,,,,,,,,,,,,,,,,,,,,,,,,
,,,,,,,,,,,,,,,,,,,,,,,,,,,,,,,,,,,,
,,,,,,,,,,,,,,,,,,,,,,,,,,,,,,,,,,,,
,,,,,,,,,,,,,,,,,,,,,,,,,,,,,,,,,,,,
,,,,,,,,,,,,,,,,,,,,,,,,,,,,,,,,,,,,
,,,,,,,,,,,,,,,,,,,,,,,,,,,,,,,,,,,,
,,,,,,,,,,,,,,,,,,,,,,,,,,,,,,,,,,,,
,,,,,,,,,,,,,,,,,,,,,,,,,,,,,,,,,,,,
,,,,,,,,,,,,,,,,,,,,,,,,,,,,,,,,,,,,
,,,,,,,,,,,,,,,,,,,,,,,,,,,,,,,,,,,,
,,,,,,,,,,,,,,,,,,,,,,,,,,,,,,,,,,,,
,,,,,,,,,,,,,,,,,,,,,,,,,,,,,,,,,,,,
,,,,,,,,,,,,,,,,,,,,,,,,,,,,,,,,,,,,
,,,,,,,,,,,,,,,,,,,,,,,,,,,,,,,,,,,,
,,,,,,,,,,,,,,,,,,,,,,,,,,,,,,,,,,,,
,,,,,,,,,,,,,,,,,,,,,,,,,,,,,,,,,,,,
,,,,,,,,,,,,,,,,,,,,,,,,,,,,,,,,,,,,
,,,,,,,,,,,,,,,,,,,,,,,,,,,,,,,,,,,,
,,,,,,,,,,,,,,,,,,,,,,,,,,,,,,,,,,,,
,,,,,,,,,,,,,,,,,,,,,,,,,,,,,,,,,,,,
,,,,,,,,,,,,,,,,,,,,,,,,,,,,,,,,,,,,
,,,,,,,,,,,,,,,,,,,,,,,,,,,,,,,,,,,,
,,,,,,,,,,,,,,,,,,,,,,,,,,,,,,,,,,,,
,,,,,,,,,,,,,,,,,,,,,,,,,,,,,,,,,,,,
,,,,,,,,,,,,,,,,,,,,,,,,,,,,,,,,,,,,
,,,,,,,,,,,,,,,,,,,,,,,,,,,,,,,,,,,,
,,,,,,,,,,,,,,,,,,,,,,,,,,,,,,,,,,,,
,,,,,,,,,,,,,,,,,,,,,,,,,,,,,,,,,,,,
,,,,,,,,,,,,,,,,,,,,,,,,,,,,,,,,,,,,
,,,,,,,,,,,,,,,,,,,,,,,,,,,,,,,,,,,,
,,,,,,,,,,,,,,,,,,,,,,,,,,,,,,,,,,,,
,,,,,,,,,,,,,,,,,,,,,,,,,,,,,,,,,,,,
,,,,,,,,,,,,,,,,,,,,,,,,,,,,,,,,,,,,
,,,,,,,,,,,,,,,,,,,,,,,,,,,,,,,,,,,,
,,,,,,,,,,,,,,,,,,,,,,,,,,,,,,,,,,,,
,,,,,,,,,,,,,,,,,,,,,,,,,,,,,,,,,,,,
,,,,,,,,,,,,,,,,,,,,,,,,,,,,,,,,,,,,
,,,,,,,,,,,,,,,,,,,,,,,,,,,,,,,,,,,,
,,,,,,,,,,,,,,,,,,,,,,,,,,,,,,,,,,,,
,,,,,,,,,,,,,,,,,,,,,,,,,,,,,,,,,,,,
,,,,,,,,,,,,,,,,,,,,,,,,,,,,,,,,,,,,
,,,,,,,,,,,,,,,,,,,,,,,,,,,,,,,,,,,,
,,,,,,,,,,,,,,,,,,,,,,,,,,,,,,,,,,,,
,,,,,,,,,,,,,,,,,,,,,,,,,,,,,,,,,,,,
,,,,,,,,,,,,,,,,,,,,,,,,,,,,,,,,,,,,
,,,,,,,,,,,,,,,,,,,,,,,,,,,,,,,,,,,,
,,,,,,,,,,,,,,,,,,,,,,,,,,,,,,,,,,,,
,,,,,,,,,,,,,,,,,,,,,,,,,,,,,,,,,,,,
,,,,,,,,,,,,,,,,,,,,,,,,,,,,,,,,,,,,
,,,,,,,,,,,,,,,,,,,,,,,,,,,,,,,,,,,,
,,,,,,,,,,,,,,,,,,,,,,,,,,,,,,,,,,,,
,,,,,,,,,,,,,,,,,,,,,,,,,,,,,,,,,,,,
,,,,,,,,,,,,,,,,,,,,,,,,,,,,,,,,,,,,
,,,,,,,,,,,,,,,,,,,,,,,,,,,,,,,,,,,,
,,,,,,,,,,,,,,,,,,,,,,,,,,,,,,,,,,,,
,,,,,,,,,,,,,,,,,,,,,,,,,,,,,,,,,,,,
,,,,,,,,,,,,,,,,,,,,,,,,,,,,,,,,,,,,
,,,,,,,,,,,,,,,,,,,,,,,,,,,,,,,,,,,,
,,,,,,,,,,,,,,,,,,,,,,,,,,,,,,,,,,,,
,,,,,,,,,,,,,,,,,,,,,,,,,,,,,,,,,,,,
,,,,,,,,,,,,,,,,,,,,,,,,,,,,,,,,,,,,
,,,,,,,,,,,,,,,,,,,,,,,,,,,,,,,,,,,,
,,,,,,,,,,,,,,,,,,,,,,,,,,,,,,,,,,,,
,,,,,,,,,,,,,,,,,,,,,,,,,,,,,,,,,,,,
,,,,,,,,,,,,,,,,,,,,,,,,,,,,,,,,,,,,
,,,,,,,,,,,,,,,,,,,,,,,,,,,,,,,,,,,,
,,,,,,,,,,,,,,,,,,,,,,,,,,,,,,,,,,,,
,,,,,,,,,,,,,,,,,,,,,,,,,,,,,,,,,,,,
,,,,,,,,,,,,,,,,,,,,,,,,,,,,,,,,,,,,
,,,,,,,,,,,,,,,,,,,,,,,,,,,,,,,,,,,,
,,,,,,,,,,,,,,,,,,,,,,,,,,,,,,,,,,,,
,,,,,,,,,,,,,,,,,,,,,,,,,,,,,,,,,,,,
,,,,,,,,,,,,,,,,,,,,,,,,,,,,,,,,,,,,
,,,,,,,,,,,,,,,,,,,,,,,,,,,,,,,,,,,,
,,,,,,,,,,,,,,,,,,,,,,,,,,,,,,,,,,,,
,,,,,,,,,,,,,,,,,,,,,,,,,,,,,,,,,,,,
,,,,,,,,,,,,,,,,,,,,,,,,,,,,,,,,,,,,
,,,,,,,,,,,,,,,,,,,,,,,,,,,,,,,,,,,,
,,,,,,,,,,,,,,,,,,,,,,,,,,,,,,,,,,,,
,,,,,,,,,,,,,,,,,,,,,,,,,,,,,,,,,,,,
,,,,,,,,,,,,,,,,,,,,,,,,,,,,,,,,,,,,
,,,,,,,,,,,,,,,,,,,,,,,,,,,,,,,,,,,,
,,,,,,,,,,,,,,,,,,,,,,,,,,,,,,,,,,,,
,,,,,,,,,,,,,,,,,,,,,,,,,,,,,,,,,,,,
,,,,,,,,,,,,,,,,,,,,,,,,,,,,,,,,,,,,
,,,,,,,,,,,,,,,,,,,,,,,,,,,,,,,,,,,,
,,,,,,,,,,,,,,,,,,,,,,,,,,,,,,,,,,,,
,,,,,,,,,,,,,,,,,,,,,,,,,,,,,,,,,,,,
,,,,,,,,,,,,,,,,,,,,,,,,,,,,,,,,,,,,
,,,,,,,,,,,,,,,,,,,,,,,,,,,,,,,,,,,,
,,,,,,,,,,,,,,,,,,,,,,,,,,,,,,,,,,,,
,,,,,,,,,,,,,,,,,,,,,,,,,,,,,,,,,,,,
,,,,,,,,,,,,,,,,,,,,,,,,,,,,,,,,,,,,
,,,,,,,,,,,,,,,,,,,,,,,,,,,,,,,,,,,,
,,,,,,,,,,,,,,,,,,,,,,,,,,,,,,,,,,,,
,,,,,,,,,,,,,,,,,,,,,,,,,,,,,,,,,,,,
,,,,,,,,,,,,,,,,,,,,,,,,,,,,,,,,,,,,
,,,,,,,,,,,,,,,,,,,,,,,,,,,,,,,,,,,,
,,,,,,,,,,,,,,,,,,,,,,,,,,,,,,,,,,,,
,,,,,,,,,,,,,,,,,,,,,,,,,,,,,,,,,,,,
,,,,,,,,,,,,,,,,,,,,,,,,,,,,,,,,,,,,
,,,,,,,,,,,,,,,,,,,,,,,,,,,,,,,,,,,,
,,,,,,,,,,,,,,,,,,,,,,,,,,,,,,,,,,,,
,,,,,,,,,,,,,,,,,,,,,,,,,,,,,,,,,,,,
,,,,,,,,,,,,,,,,,,,,,,,,,,,,,,,,,,,,
,,,,,,,,,,,,,,,,,,,,,,,,,,,,,,,,,,,,
,,,,,,,,,,,,,,,,,,,,,,,,,,,,,,,,,,,,
,,,,,,,,,,,,,,,,,,,,,,,,,,,,,,,,,,,,
,,,,,,,,,,,,,,,,,,,,,,,,,,,,,,,,,,,,
,,,,,,,,,,,,,,,,,,,,,,,,,,,,,,,,,,,,
